"","Duration","Treatment","VideoTime","VoteProbability","NewsDays","BidenNominee","TrumpNominee","StemMajor","HumanitiesMajor","ParentsInfluence","HSGPA","Ideology","Class","TrumpCharges"
"1",28,1,0,NA,NA,FALSE,FALSE,FALSE,FALSE,NA,NA,NA,NA,5
"2",11,0,3.288,NA,NA,FALSE,FALSE,FALSE,FALSE,NA,NA,NA,NA,5
"3",314,NA,NA,NA,NA,FALSE,FALSE,FALSE,FALSE,NA,NA,NA,NA,5
"4",255,1,19.358,NA,NA,FALSE,FALSE,FALSE,FALSE,NA,NA,NA,NA,5
"5",1517,0,5.838,NA,NA,FALSE,FALSE,FALSE,FALSE,NA,NA,NA,NA,5
"6",31,0,0,NA,NA,FALSE,FALSE,FALSE,FALSE,NA,NA,NA,NA,5
"7",435,0,0,NA,NA,FALSE,FALSE,FALSE,FALSE,NA,NA,NA,NA,5
"8",343,1,97.125,5,1,TRUE,FALSE,TRUE,FALSE,3,5,4,2,6
"9",368,0,182.413,5,3,TRUE,FALSE,FALSE,TRUE,2,5,3,2,8
"10",737,0,42.783,4,NA,TRUE,TRUE,FALSE,FALSE,3,5,5,2,7
"11",374,1,168.804,4,2,TRUE,TRUE,TRUE,FALSE,2,5,4,2,7
"12",498,0,260.787,5,4,TRUE,TRUE,TRUE,FALSE,2,5,5,2,4
"13",374,0,139.196,5,NA,TRUE,TRUE,FALSE,FALSE,2,5,5,2,4
"14",1171,1,544.195,5,0,TRUE,TRUE,FALSE,FALSE,4,NA,6,3,1
"15",615,1,235.377,5,1,TRUE,TRUE,FALSE,FALSE,5,5,4,3,3
"16",460,1,0,5,NA,TRUE,FALSE,TRUE,TRUE,2,NA,6,2,3
"17",380,0,189.654,3,1,TRUE,TRUE,TRUE,FALSE,2,4,3,3,6
"18",235,0,43.049,5,4,TRUE,TRUE,FALSE,FALSE,3,NA,5,4,7
"19",766,0,110.25,5,5,TRUE,TRUE,TRUE,TRUE,2,3,5,2,1
"20",891,1,238.574,5,3,TRUE,TRUE,TRUE,FALSE,5,5,3,3,4
"21",661,1,290.767,5,2,TRUE,TRUE,TRUE,TRUE,2,3,3,2,7
"22",303,0,132.593,2,7,TRUE,TRUE,FALSE,TRUE,3,5,4,2,5
"23",352,0,213.481,5,5,TRUE,TRUE,FALSE,FALSE,2,5,4,3,5
"24",626,1,398.786,5,0,TRUE,TRUE,FALSE,FALSE,4,4,5,2,8
"25",770,1,397.529,5,0,TRUE,TRUE,TRUE,TRUE,2,4,5,2,5
"26",287,0,100.609,5,3,TRUE,TRUE,TRUE,FALSE,4,4,5,3,6
"27",546,0,101.858,1,0,TRUE,TRUE,FALSE,TRUE,3,4,4,3,6
"28",67,1,0,5,2,TRUE,TRUE,TRUE,FALSE,5,3,4,2,5
"29",440,0,86.847,5,NA,FALSE,TRUE,TRUE,FALSE,4,5,5,2,4
"30",594,1,216.601,3,0,FALSE,TRUE,TRUE,FALSE,4,5,3,1,5
"31",214,0,99.201,5,5,TRUE,TRUE,FALSE,TRUE,2,5,4,3,8
"32",530,1,0,5,0,TRUE,TRUE,TRUE,FALSE,3,4,5,2,5
"33",442,1,232.112,1,1,TRUE,TRUE,FALSE,FALSE,4,4,5,2,5
"34",35090,0,196.869,5,0,TRUE,TRUE,TRUE,FALSE,3,4,5,2,5
"35",238,0,42.594,5,7,TRUE,TRUE,FALSE,TRUE,4,5,5,3,8
"36",289,0,117.243,4,3,TRUE,TRUE,TRUE,FALSE,1,5,4,1,5
"37",300,0,166.02,5,NA,TRUE,TRUE,TRUE,TRUE,4,5,5,2,3
"38",669,1,432.119,5,2,TRUE,TRUE,TRUE,TRUE,3,5,5,3,5
"39",386,1,2.361,5,2,FALSE,TRUE,TRUE,TRUE,4,4,5,1,4
"40",680,1,84.469,1,0,TRUE,TRUE,TRUE,FALSE,3,NA,6,1,4
"41",848,1,233.029,5,4,TRUE,TRUE,TRUE,TRUE,2,5,5,2,4
"42",136,0,42.833,3,4,TRUE,TRUE,TRUE,FALSE,4,5,2,2,5
"43",616,1,246.884,5,6,TRUE,FALSE,TRUE,TRUE,2,3,4,3,5
"44",1137,1,953.719,5,0,TRUE,TRUE,TRUE,FALSE,3,5,4,2,4
"45",325,0,103.771,5,1,TRUE,FALSE,FALSE,FALSE,1,4,5,3,3
"46",174,0,46.407,3,4,FALSE,FALSE,FALSE,TRUE,3,NA,3,2,5
"47",734,1,0,5,4,TRUE,TRUE,TRUE,FALSE,2,4,4,2,5
"48",1375,1,432.559,5,7,TRUE,TRUE,TRUE,FALSE,1,5,5,3,5
"49",1577,0,601.318,5,1,TRUE,TRUE,FALSE,TRUE,3,3,3,2,6
"50",488,1,148.669,5,0,TRUE,TRUE,FALSE,FALSE,3,5,5,1,6
"51",490,0,5.013,5,6,TRUE,TRUE,TRUE,TRUE,3,5,5,2,4
"52",625,0,301.18,5,4,TRUE,TRUE,FALSE,TRUE,2,5,4,1,4
"53",221,0,60.96,5,4,TRUE,TRUE,FALSE,TRUE,3,5,5,2,5
"54",805,1,346.703,5,1,TRUE,TRUE,TRUE,FALSE,3,5,3,3,6
"55",431,0,109.85,5,0,TRUE,TRUE,FALSE,TRUE,2,NA,6,1,5
"56",1062,1,161.958,5,0,TRUE,TRUE,FALSE,FALSE,2,3,5,1,5
"57",681,0,49.559,5,4,TRUE,TRUE,FALSE,FALSE,3,4,5,1,3
"58",283,0,123.686,5,6,TRUE,TRUE,TRUE,FALSE,3,5,4,2,5
"59",8237,1,1108.231,5,0,TRUE,TRUE,FALSE,FALSE,2,5,5,2,4
"60",192756,1,0,NA,NA,FALSE,FALSE,FALSE,FALSE,NA,NA,NA,NA,5
"61",283,0,122.42,5,1,TRUE,FALSE,TRUE,TRUE,3,5,5,2,5
"62",630,0,381.87,5,4,TRUE,TRUE,TRUE,FALSE,4,5,2,3,5
"63",136,0,34.455,5,0,TRUE,TRUE,FALSE,FALSE,4,5,5,2,5
"64",347,0,101.489,4,0,TRUE,TRUE,TRUE,TRUE,4,4,4,2,5
"65",104379,1,195.737,5,3,TRUE,TRUE,FALSE,TRUE,4,5,5,2,7
"66",806,1,153.875,5,1,FALSE,TRUE,TRUE,FALSE,2,5,3,2,3
"67",661,1,215.687,5,NA,FALSE,TRUE,TRUE,TRUE,3,5,4,1,10
"68",595,0,158.984,5,0,TRUE,FALSE,TRUE,FALSE,2,5,5,3,7
"69",217,0,18.338,4,NA,TRUE,TRUE,FALSE,FALSE,4,5,4,2,5
"70",11647,1,310.288,5,NA,TRUE,TRUE,FALSE,FALSE,1,4,5,1,4
"71",207,1,72.441,4,0,FALSE,FALSE,FALSE,FALSE,2,5,5,1,5
"72",274,0,133.534,5,3,TRUE,TRUE,FALSE,FALSE,2,5,5,3,5
"73",285,1,93.988,1,2,TRUE,TRUE,FALSE,FALSE,2,5,5,3,5
"74",115,0,50.108,1,2,TRUE,TRUE,FALSE,FALSE,2,5,5,NA,5
"75",914,1,382.022,5,7,TRUE,FALSE,FALSE,TRUE,3,4,4,2,8
"76",588,0,364.839,4,7,TRUE,TRUE,FALSE,TRUE,2,5,5,2,5
"77",24,0,0,NA,NA,FALSE,FALSE,FALSE,FALSE,NA,NA,NA,NA,5
"78",1788,1,138.806,5,7,TRUE,TRUE,FALSE,TRUE,2,5,4,2,5
"79",455,0,109.111,5,0,TRUE,TRUE,FALSE,FALSE,3,3,2,2,5
"80",500,1,79.298,5,4,TRUE,TRUE,FALSE,FALSE,2,5,5,2,5
"81",161,1,0,5,NA,TRUE,FALSE,FALSE,FALSE,3,5,5,1,8
"82",717,0,321.06,5,1,TRUE,TRUE,FALSE,FALSE,2,5,5,1,4
"83",930,0,361.652,5,NA,TRUE,FALSE,FALSE,TRUE,3,NA,6,1,4
"84",436,1,0,4,NA,TRUE,FALSE,FALSE,TRUE,2,4,5,2,5
"85",876,1,359.302,4,NA,TRUE,TRUE,TRUE,FALSE,1,5,5,1,7
"86",299,0,158.401,5,0,TRUE,TRUE,TRUE,FALSE,3,4,4,3,5
"87",2834,0,1815.678,5,1,TRUE,TRUE,FALSE,FALSE,1,3,4,1,4
"88",459,1,299.941,4,1,FALSE,FALSE,TRUE,FALSE,4,5,3,2,3
"89",680,1,255.331,5,5,FALSE,FALSE,TRUE,TRUE,2,NA,3,3,6
"90",53,1,0,NA,NA,FALSE,FALSE,FALSE,FALSE,NA,NA,NA,NA,5
"91",303,0,97.755,5,6,TRUE,FALSE,TRUE,FALSE,2,5,5,1,4
"92",1498,0,310.171,5,4,TRUE,TRUE,FALSE,TRUE,3,3,4,1,5
"93",921,1,10.887,5,0,TRUE,FALSE,TRUE,FALSE,2,3,2,2,4
"94",515,1,270.051,5,1,TRUE,TRUE,TRUE,FALSE,3,5,2,2,6
"95",344,0,79.124,5,3,TRUE,TRUE,FALSE,FALSE,3,4,2,2,7
"96",227,0,121.448,5,1,FALSE,FALSE,TRUE,FALSE,3,4,3,3,5
"97",61,1,9.737,5,2,TRUE,TRUE,TRUE,TRUE,4,5,4,2,5
"98",357,1,85.958,5,0,TRUE,TRUE,FALSE,FALSE,4,5,5,3,4
"99",1022,0,55.707,5,0,TRUE,TRUE,TRUE,FALSE,2,5,5,2,5
"100",217,0,68.438,5,0,TRUE,TRUE,TRUE,TRUE,2,5,3,2,5
"101",1769,1,71.515,4,0,FALSE,FALSE,TRUE,TRUE,2,5,3,3,5
"102",65009,1,2557.494,4,NA,TRUE,TRUE,TRUE,TRUE,5,5,1,3,6
"103",711,1,230.537,5,NA,TRUE,FALSE,TRUE,FALSE,1,5,5,2,9
"104",394,1,10.146,5,6,TRUE,TRUE,TRUE,FALSE,4,5,2,3,5
"105",182,0,52.464,5,4,TRUE,TRUE,TRUE,FALSE,4,5,1,3,5
"106",21155,0,155.269,5,1,TRUE,TRUE,FALSE,FALSE,5,5,4,2,5
"107",20592,0,203.666,5,1,TRUE,TRUE,FALSE,FALSE,3,5,5,3,5
"108",519,1,173.858,5,0,TRUE,FALSE,FALSE,FALSE,2,5,5,2,5
"109",111,1,3.281,5,0,FALSE,FALSE,FALSE,FALSE,3,5,4,2,5
"110",279,1,29.48,4,1,TRUE,FALSE,TRUE,FALSE,3,5,3,3,5
"111",332,0,0,NA,NA,FALSE,FALSE,FALSE,FALSE,NA,NA,NA,NA,5
"112",522,0,118.234,5,1,FALSE,TRUE,FALSE,FALSE,2,5,5,1,4
"113",3083,0,284.445,5,5,TRUE,TRUE,FALSE,TRUE,3,5,4,3,2
"114",1287,1,0,NA,NA,FALSE,FALSE,FALSE,FALSE,NA,NA,NA,NA,5
"115",124,0,10.624,NA,NA,FALSE,FALSE,FALSE,FALSE,NA,NA,NA,NA,5
"116",391,0,89.81,3,1,TRUE,TRUE,FALSE,FALSE,2,NA,4,4,5
"117",182227,1,0,NA,NA,FALSE,FALSE,FALSE,FALSE,NA,NA,NA,NA,5
"118",5,NA,NA,NA,NA,FALSE,FALSE,FALSE,FALSE,NA,NA,NA,NA,5
"119",605,NA,NA,NA,NA,FALSE,FALSE,FALSE,FALSE,NA,NA,NA,NA,5
"120",893,1,701.389,1,0,TRUE,TRUE,FALSE,TRUE,3,NA,6,2,4
"121",35,NA,NA,NA,NA,FALSE,FALSE,FALSE,FALSE,NA,NA,NA,NA,5
"122",844,0,0,NA,NA,FALSE,FALSE,FALSE,FALSE,NA,NA,NA,NA,5
"123",51,NA,NA,NA,NA,FALSE,FALSE,FALSE,FALSE,NA,NA,NA,NA,5
"124",11372,0,117.398,5,3,TRUE,FALSE,FALSE,TRUE,3,5,4,2,7
"125",6,NA,NA,NA,NA,FALSE,FALSE,FALSE,FALSE,NA,NA,NA,NA,5
"126",926,1,0,NA,NA,FALSE,FALSE,FALSE,FALSE,NA,NA,NA,NA,5
"127",13,NA,NA,NA,NA,FALSE,FALSE,FALSE,FALSE,NA,NA,NA,NA,5
"128",8,NA,NA,NA,NA,FALSE,FALSE,FALSE,FALSE,NA,NA,NA,NA,5
"129",3,NA,NA,NA,NA,FALSE,FALSE,FALSE,FALSE,NA,NA,NA,NA,5
"130",173,0,86.24,1,1,FALSE,FALSE,FALSE,FALSE,3,5,2,2,5
"131",288,0,37.122,1,1,FALSE,FALSE,FALSE,FALSE,3,5,2,2,5
"132",303,0,101.214,5,3,TRUE,TRUE,FALSE,TRUE,2,5,4,2,3
"133",5,NA,NA,NA,NA,FALSE,FALSE,FALSE,FALSE,NA,NA,NA,NA,5
"134",724,1,71.16,5,NA,TRUE,TRUE,TRUE,TRUE,3,5,4,2,3
"135",4,NA,NA,NA,NA,FALSE,FALSE,FALSE,FALSE,NA,NA,NA,NA,5
"136",4,NA,NA,NA,NA,FALSE,FALSE,FALSE,FALSE,NA,NA,NA,NA,5
"137",26,NA,NA,NA,NA,FALSE,FALSE,FALSE,FALSE,NA,NA,NA,NA,5
"138",4,NA,NA,NA,NA,FALSE,FALSE,FALSE,FALSE,NA,NA,NA,NA,5
"139",11,NA,NA,NA,NA,FALSE,FALSE,FALSE,FALSE,NA,NA,NA,NA,5
"140",695,0,332.448,5,NA,FALSE,FALSE,FALSE,FALSE,2,5,5,1,5
"141",10631,NA,NA,NA,NA,FALSE,FALSE,FALSE,FALSE,NA,NA,NA,NA,5
"142",10595,NA,NA,NA,NA,FALSE,FALSE,FALSE,FALSE,NA,NA,NA,NA,5
"143",531,0,137.266,5,0,TRUE,TRUE,FALSE,FALSE,3,5,5,2,5
"144",607,1,374.33,4,5,TRUE,FALSE,FALSE,FALSE,5,5,4,3,4
"145",2519,NA,NA,NA,NA,FALSE,FALSE,FALSE,FALSE,NA,NA,NA,NA,5
"146",5,NA,NA,NA,NA,FALSE,FALSE,FALSE,FALSE,NA,NA,NA,NA,5
"147",457,1,207.261,5,3,TRUE,TRUE,FALSE,TRUE,3,5,4,2,5
"148",250,0,116.229,5,3,FALSE,TRUE,FALSE,TRUE,2,5,3,2,5
"149",10884,NA,NA,NA,NA,FALSE,FALSE,FALSE,FALSE,NA,NA,NA,NA,5
"150",1442,0,380.242,4,1,TRUE,TRUE,FALSE,FALSE,3,5,5,2,6
"151",4,NA,NA,NA,NA,FALSE,FALSE,FALSE,FALSE,NA,NA,NA,NA,5
"152",2,NA,NA,NA,NA,FALSE,FALSE,FALSE,FALSE,NA,NA,NA,NA,5
"153",8,NA,NA,NA,NA,FALSE,FALSE,FALSE,FALSE,NA,NA,NA,NA,5
"154",305,1,78.925,5,7,TRUE,TRUE,FALSE,TRUE,3,4,5,2,5
"155",643,0,126.522,5,3,TRUE,TRUE,FALSE,TRUE,3,5,5,2,7
"156",353,1,131.571,5,2,TRUE,TRUE,FALSE,FALSE,3,4,5,2,7
"157",3,NA,NA,NA,NA,FALSE,FALSE,FALSE,FALSE,NA,NA,NA,NA,5
"158",13,NA,NA,NA,NA,FALSE,FALSE,FALSE,FALSE,NA,NA,NA,NA,5
"159",18,NA,NA,NA,NA,FALSE,FALSE,FALSE,FALSE,NA,NA,NA,NA,5
"160",673,NA,NA,NA,NA,FALSE,FALSE,FALSE,FALSE,NA,NA,NA,NA,5
"161",242,NA,NA,NA,NA,FALSE,FALSE,FALSE,FALSE,NA,NA,NA,NA,5
"162",432,0,236.871,5,1,TRUE,TRUE,TRUE,FALSE,4,5,4,3,7
"163",38,1,0,NA,NA,FALSE,FALSE,FALSE,FALSE,NA,NA,NA,NA,5
"164",1020,0,538.176,5,4,TRUE,TRUE,FALSE,FALSE,2,5,5,3,6
"165",399,0,208.013,5,7,TRUE,TRUE,FALSE,TRUE,2,5,4,2,7
"166",9469,1,2.091,4,1,TRUE,TRUE,TRUE,TRUE,2,5,4,3,4
"167",9,NA,NA,NA,NA,FALSE,FALSE,FALSE,FALSE,NA,NA,NA,NA,5
"168",97205,1,0,NA,NA,FALSE,FALSE,FALSE,FALSE,NA,NA,NA,NA,5
"169",9187,NA,NA,NA,NA,FALSE,FALSE,FALSE,FALSE,NA,NA,NA,NA,5
"170",82798,NA,NA,NA,NA,FALSE,FALSE,FALSE,FALSE,NA,NA,NA,NA,5
"171",5811,1,142.923,2,1,TRUE,TRUE,FALSE,FALSE,3,5,4,1,5
"172",290,1,140.683,5,2,FALSE,FALSE,TRUE,FALSE,3,5,4,3,4
"173",342,1,145.138,5,5,TRUE,TRUE,FALSE,TRUE,2,5,5,3,5
"174",454,0,109.974,5,0,TRUE,TRUE,FALSE,TRUE,2,5,5,3,5
"175",52,0,0,NA,NA,FALSE,FALSE,FALSE,FALSE,NA,NA,NA,NA,5
"176",625,0,219.755,5,2,TRUE,TRUE,FALSE,TRUE,2,5,5,1,7
"177",9641,0,306.591,2,1,FALSE,FALSE,FALSE,TRUE,2,3,4,2,6
"178",14,1,0,NA,NA,FALSE,FALSE,FALSE,FALSE,NA,NA,NA,NA,5
"179",36,NA,NA,NA,NA,FALSE,FALSE,FALSE,FALSE,NA,NA,NA,NA,5
"180",4,NA,NA,NA,NA,FALSE,FALSE,FALSE,FALSE,NA,NA,NA,NA,5
"181",625,1,82.143,4,3,TRUE,FALSE,FALSE,TRUE,4,5,5,1,6
"182",28,NA,NA,NA,NA,FALSE,FALSE,FALSE,FALSE,NA,NA,NA,NA,5
"183",183671,1,247.724,5,1,TRUE,TRUE,FALSE,FALSE,3,5,4,2,9
"184",15,NA,NA,NA,NA,FALSE,FALSE,FALSE,FALSE,NA,NA,NA,NA,5
"185",12,NA,NA,NA,NA,FALSE,FALSE,FALSE,FALSE,NA,NA,NA,NA,5
"186",89575,1,0,NA,NA,FALSE,FALSE,FALSE,FALSE,NA,NA,NA,NA,5
"187",394,1,0,NA,NA,FALSE,FALSE,FALSE,FALSE,NA,NA,NA,NA,5
"188",198,1,0,NA,NA,FALSE,FALSE,FALSE,FALSE,NA,NA,NA,NA,5
"189",186,0,32.441,5,3,TRUE,FALSE,FALSE,TRUE,2,5,5,1,6
"190",374,0,175.668,5,NA,TRUE,TRUE,FALSE,FALSE,4,5,5,2,5
"191",956,1,539.185,5,1,TRUE,TRUE,TRUE,FALSE,4,5,2,1,6
"192",2,NA,NA,NA,NA,FALSE,FALSE,FALSE,FALSE,NA,NA,NA,NA,5
"193",38571,1,1.738,NA,NA,FALSE,FALSE,FALSE,FALSE,NA,NA,NA,NA,5
"194",18,NA,NA,NA,NA,FALSE,FALSE,FALSE,FALSE,NA,NA,NA,NA,5
"195",40,1,4.785,NA,NA,FALSE,FALSE,FALSE,FALSE,NA,NA,NA,NA,5
"196",218,0,72.541,5,3,TRUE,TRUE,FALSE,TRUE,3,5,5,2,6
"197",524,1,75.128,5,1,TRUE,TRUE,FALSE,FALSE,3,5,4,3,5
"198",306,1,135.218,5,0,FALSE,FALSE,FALSE,TRUE,2,5,4,2,5
"199",156266,0,87.479,5,3,TRUE,TRUE,FALSE,FALSE,2,5,5,2,7
"200",44,1,0,2,3,FALSE,FALSE,FALSE,FALSE,3,5,NA,NA,5
"201",253,1,139.016,5,2,TRUE,TRUE,TRUE,FALSE,3,5,4,2,5
"202",262,0,132.993,5,NA,TRUE,TRUE,TRUE,FALSE,2,5,4,2,6
"203",271,0,139.741,5,2,TRUE,TRUE,TRUE,FALSE,3,5,5,3,5
"204",291,1,98.648,5,3,TRUE,TRUE,TRUE,FALSE,3,5,5,2,6
"205",381,0,1.809,1,4,TRUE,TRUE,TRUE,FALSE,3,5,4,3,5
"206",73427,1,0,NA,NA,FALSE,FALSE,FALSE,FALSE,NA,NA,NA,NA,5
"207",516206,1,0,5,3,TRUE,TRUE,TRUE,FALSE,3,5,4,2,4
"208",167,0,1.924,NA,NA,FALSE,FALSE,FALSE,FALSE,NA,NA,NA,NA,5
"209",531,0,347.005,1,1,FALSE,FALSE,TRUE,FALSE,2,5,4,1,5
"210",448,1,65.816,1,2,TRUE,TRUE,FALSE,FALSE,3,4,5,2,4
"211",71,1,9.154,2,3,FALSE,FALSE,FALSE,FALSE,NA,NA,NA,NA,5
"212",647,0,149.02,4,1,FALSE,TRUE,TRUE,FALSE,3,5,4,2,5
"213",105,1,0,2,4,TRUE,TRUE,TRUE,FALSE,1,5,4,2,4
"214",535,0,3.108,5,7,TRUE,TRUE,FALSE,TRUE,3,5,4,3,5
"215",152685,0,186.054,5,NA,TRUE,TRUE,TRUE,FALSE,4,5,5,2,7
"216",26,1,9.48,NA,NA,FALSE,FALSE,FALSE,FALSE,NA,NA,NA,NA,5
"217",3,NA,NA,NA,NA,FALSE,FALSE,FALSE,FALSE,NA,NA,NA,NA,5
"218",46,0,8.715,NA,NA,FALSE,FALSE,FALSE,FALSE,NA,NA,NA,NA,5
"219",617,1,245.113,5,2,TRUE,TRUE,FALSE,FALSE,2,4,4,3,6
"220",2236,0,328.868,5,0,TRUE,TRUE,FALSE,FALSE,3,5,5,2,8
"221",940,0,192.659,5,0,TRUE,TRUE,TRUE,FALSE,3,5,3,3,7
"222",279370,0,119.232,5,4,TRUE,FALSE,FALSE,TRUE,2,5,5,2,4
"223",2,NA,NA,NA,NA,FALSE,FALSE,FALSE,FALSE,NA,NA,NA,NA,5
"224",298190,0,229.327,4,0,FALSE,FALSE,FALSE,FALSE,3,3,4,2,5
"225",272,1,192.379,5,5,TRUE,TRUE,FALSE,FALSE,3,5,4,2,4
"226",874,1,274.955,1,0,TRUE,TRUE,TRUE,TRUE,5,NA,2,3,4
"227",449,0,166.32,5,0,TRUE,TRUE,TRUE,FALSE,4,4,5,3,5
"228",843,0,482.948,5,1,TRUE,FALSE,TRUE,TRUE,2,3,4,2,5
"229",292,0,100.705,5,0,TRUE,TRUE,TRUE,TRUE,4,5,4,3,5
"230",426,1,188.965,1,4,TRUE,TRUE,TRUE,FALSE,3,4,2,1,4
"231",204,0,126.04,5,3,TRUE,TRUE,TRUE,FALSE,2,5,5,3,6
"232",773,1,433.307,5,6,TRUE,FALSE,FALSE,TRUE,1,5,2,3,5
"233",701,1,224.514,1,0,FALSE,TRUE,FALSE,FALSE,2,NA,2,4,4
"234",814,1,337.549,1,3,TRUE,TRUE,FALSE,FALSE,2,3,4,3,4
"235",272,0,70.599,5,1,TRUE,TRUE,FALSE,FALSE,3,5,4,2,5
"236",6,NA,NA,NA,NA,FALSE,FALSE,FALSE,FALSE,NA,NA,NA,NA,5
"237",4,NA,NA,NA,NA,FALSE,FALSE,FALSE,FALSE,NA,NA,NA,NA,5
"238",329,0,128.343,5,3,TRUE,TRUE,FALSE,TRUE,3,3,3,2,5
"239",294,1,183.571,3,NA,TRUE,TRUE,FALSE,FALSE,2,5,4,2,4
"240",202,0,92.447,5,1,TRUE,TRUE,FALSE,TRUE,2,2,3,2,5
"241",220,1,15.347,2,0,TRUE,TRUE,FALSE,TRUE,1,NA,6,2,6
"242",1418,1,596.202,2,2,TRUE,TRUE,FALSE,FALSE,2,NA,6,2,8
"243",545,0,155.569,4,1,FALSE,FALSE,TRUE,FALSE,4,5,3,1,5
"244",4567,1,466.105,5,7,TRUE,TRUE,FALSE,FALSE,1,5,3,2,4
"245",209,0,97.714,5,3,TRUE,TRUE,FALSE,TRUE,3,5,4,2,5
"246",68,1,8.561,4,5,TRUE,TRUE,TRUE,FALSE,4,5,2,2,5
"247",328,0,171.169,5,4,TRUE,FALSE,FALSE,FALSE,2,4,5,2,8
"248",915,1,462.511,2,NA,TRUE,TRUE,TRUE,FALSE,2,3,4,1,5
"249",215,0,72.475,5,0,FALSE,TRUE,TRUE,TRUE,5,5,4,2,4
"250",436,1,355.054,1,3,FALSE,FALSE,FALSE,FALSE,3,5,5,2,5
"251",12233,1,170.105,5,NA,TRUE,TRUE,FALSE,FALSE,4,4,4,2,7
"252",16,NA,NA,NA,NA,FALSE,FALSE,FALSE,FALSE,NA,NA,NA,NA,5
"253",199,0,34.232,5,5,TRUE,TRUE,TRUE,FALSE,3,5,4,2,5
"254",21141,0,904.987,5,7,TRUE,TRUE,FALSE,FALSE,3,5,5,2,3
"255",425,1,237.634,2,1,TRUE,TRUE,FALSE,FALSE,3,NA,6,1,5
"256",381,1,3.68100000000001,5,1,FALSE,TRUE,FALSE,TRUE,4,5,4,3,8
"257",750,0,217.132,4,NA,TRUE,TRUE,FALSE,FALSE,1,5,4,2,6
"258",27,0,0,NA,NA,FALSE,FALSE,FALSE,FALSE,NA,NA,NA,NA,5
"259",92905,0,0,5,2,TRUE,TRUE,FALSE,TRUE,3,3,5,2,5
"260",751,0,135.118,5,5,TRUE,TRUE,FALSE,TRUE,3,5,4,3,7
"261",479,0,233.028,5,1,TRUE,TRUE,FALSE,TRUE,3,5,5,3,6
"262",261,1,23.621,1,3,TRUE,TRUE,TRUE,TRUE,2,5,4,3,5
"263",279,0,6.966,NA,NA,FALSE,FALSE,FALSE,FALSE,NA,NA,NA,NA,5
"264",684,1,254.077,1,1,TRUE,FALSE,FALSE,FALSE,3,5,3,2,3
"265",444,0,283.989,5,2,TRUE,FALSE,TRUE,FALSE,3,5,3,2,6
"266",25659,1,180.004,5,2,FALSE,TRUE,FALSE,FALSE,3,5,5,3,4
"267",249,0,110.21,5,NA,TRUE,TRUE,FALSE,TRUE,3,5,5,3,4
"268",446,1,307.032,5,NA,TRUE,TRUE,TRUE,FALSE,4,5,4,2,3
"269",527,1,33.324,4,1,FALSE,TRUE,FALSE,FALSE,4,5,5,2,5
"270",407784,1,242.768,1,2,TRUE,TRUE,TRUE,FALSE,2,5,4,2,5
"271",216,0,34.746,1,3,TRUE,TRUE,FALSE,FALSE,1,5,4,2,5
"272",320,1,139.686,5,6,TRUE,TRUE,TRUE,FALSE,2,5,4,3,5
"273",254,0,97.046,5,3,TRUE,TRUE,FALSE,TRUE,3,5,5,3,6
"274",460,0,23.869,5,5,TRUE,TRUE,FALSE,FALSE,3,5,4,3,5
"275",597,0,77.339,4,2,TRUE,TRUE,FALSE,FALSE,2,5,4,3,4
"276",3368,1,1.084,NA,NA,FALSE,FALSE,FALSE,FALSE,NA,NA,NA,NA,5
"277",320,0,91.97,5,1,TRUE,FALSE,FALSE,TRUE,2,NA,4,4,7
"278",358,0,108.246,5,2,TRUE,TRUE,FALSE,TRUE,3,5,5,2,4
"279",12,NA,NA,NA,NA,FALSE,FALSE,FALSE,FALSE,NA,NA,NA,NA,5
"280",396,0,85.298,1,3,FALSE,FALSE,TRUE,FALSE,3,4,4,3,6
"281",15,NA,NA,NA,NA,FALSE,FALSE,FALSE,FALSE,NA,NA,NA,NA,5
"282",335,0,106.082,5,4,TRUE,TRUE,FALSE,FALSE,3,5,5,3,4
"283",1137,1,441.247,5,0,TRUE,TRUE,TRUE,TRUE,1,NA,3,2,5
"284",522,1,286.647,1,2,TRUE,TRUE,FALSE,TRUE,5,5,5,3,4
"285",6,NA,NA,NA,NA,FALSE,FALSE,FALSE,FALSE,NA,NA,NA,NA,5
"286",5,NA,NA,NA,NA,FALSE,FALSE,FALSE,FALSE,NA,NA,NA,NA,5
"287",240,1,121.048,5,2,FALSE,TRUE,TRUE,FALSE,2,5,5,2,5
"288",398,0,38.43,1,7,TRUE,TRUE,TRUE,FALSE,1,4,3,2,4
"289",475,0,143.928,2,0,FALSE,FALSE,TRUE,TRUE,5,3,3,2,8
"290",8474,0,0,NA,NA,FALSE,FALSE,FALSE,FALSE,NA,NA,NA,NA,5
"291",405,1,221.508,5,1,TRUE,TRUE,FALSE,FALSE,3,5,4,2,6
"292",119,0,19.413,5,7,TRUE,TRUE,FALSE,TRUE,2,5,4,2,5
"293",11168,1,121.17,5,4,TRUE,TRUE,TRUE,FALSE,3,NA,6,3,5
"294",741,1,134.732,2,0,FALSE,FALSE,TRUE,TRUE,4,3,3,2,7
"295",504,1,220.84,5,3,TRUE,TRUE,FALSE,TRUE,3,NA,4,3,0
"296",933,0,308.254,NA,NA,FALSE,TRUE,FALSE,FALSE,3,4,5,2,6
"297",792,1,431.703,5,4,TRUE,TRUE,FALSE,TRUE,2,5,5,3,4
"298",168783,1,295.621,4,2,TRUE,FALSE,FALSE,FALSE,2,5,4,1,4
"299",49,0,1.84,4,3,FALSE,FALSE,FALSE,FALSE,3,5,3,2,5
"300",133,1,0,3,NA,FALSE,FALSE,FALSE,TRUE,1,1,1,3,5
"301",664,0,36.13,5,4,TRUE,TRUE,TRUE,FALSE,3,3,4,2,4
"302",102,0,5.451,5,2,TRUE,TRUE,FALSE,TRUE,3,5,5,3,6
"303",4,NA,NA,NA,NA,FALSE,FALSE,FALSE,FALSE,NA,NA,NA,NA,5
"304",323,1,128.549,4,1,FALSE,FALSE,TRUE,FALSE,2,5,4,2,4
"305",339,0,170.644,5,4,TRUE,TRUE,FALSE,TRUE,2,5,5,2,5
"306",293,1,22.937,5,4,TRUE,FALSE,FALSE,FALSE,1,5,5,2,6
"307",331,1,153.491,5,2,TRUE,TRUE,FALSE,FALSE,3,5,5,2,8
"308",166,0,0.695,5,5,TRUE,FALSE,TRUE,TRUE,2,5,5,2,4
"309",19329,1,140.532,5,4,TRUE,TRUE,FALSE,FALSE,3,5,3,2,8
"310",248,0,140.074,5,2,TRUE,FALSE,FALSE,FALSE,2,5,5,2,5
"311",5892,1,183.086,5,5,TRUE,TRUE,FALSE,TRUE,3,5,4,3,4
"312",174,0,57.648,5,3,TRUE,TRUE,FALSE,TRUE,4,NA,6,2,5
"313",141,0,42.165,5,1,TRUE,TRUE,TRUE,TRUE,3,4,5,2,5
"314",766,1,234.769,1,7,TRUE,TRUE,TRUE,FALSE,1,5,5,1,0
"315",16775,0,96.289,4,4,FALSE,FALSE,FALSE,FALSE,3,3,2,2,5
"316",645,1,425.94,5,5,TRUE,TRUE,FALSE,TRUE,2,5,4,2,3
"317",24,0,0,NA,NA,FALSE,FALSE,FALSE,FALSE,NA,NA,NA,NA,5
"318",372,1,102.127,5,NA,TRUE,FALSE,TRUE,FALSE,3,5,5,3,6
"319",28599,1,274.524,5,NA,FALSE,FALSE,FALSE,FALSE,2,4,2,2,5
"320",480,1,115.736,3,2,TRUE,TRUE,FALSE,TRUE,2,NA,6,3,5
"321",258,1,21.816,4,1,FALSE,TRUE,TRUE,FALSE,3,5,4,2,5
"322",239,0,71.682,5,5,TRUE,TRUE,FALSE,FALSE,4,5,5,2,4
"323",102282,0,242.52,5,2,TRUE,FALSE,FALSE,TRUE,3,4,5,3,5
"324",294,0,128.869,4,5,TRUE,TRUE,FALSE,FALSE,3,4,4,2,5
"325",26,NA,NA,NA,NA,FALSE,FALSE,FALSE,FALSE,NA,NA,NA,NA,5
"326",209,1,1.02600000000001,NA,NA,FALSE,FALSE,FALSE,FALSE,NA,NA,NA,NA,5
"327",480,0,224.321,5,4,TRUE,TRUE,FALSE,FALSE,3,3,4,2,7
"328",424,0,235.954,3,NA,TRUE,TRUE,TRUE,TRUE,4,5,4,3,5
"329",413,1,247.908,5,NA,TRUE,TRUE,TRUE,FALSE,3,4,5,3,7
"330",936,1,389.041,5,0,TRUE,TRUE,TRUE,FALSE,3,4,2,3,5
"331",11,NA,NA,NA,NA,FALSE,FALSE,FALSE,FALSE,NA,NA,NA,NA,5
"332",95,NA,NA,NA,NA,FALSE,FALSE,FALSE,FALSE,NA,NA,NA,NA,5
"333",339,1,229.544,4,NA,TRUE,TRUE,TRUE,FALSE,1,4,5,2,5
"334",33,0,0,NA,NA,FALSE,FALSE,FALSE,FALSE,NA,NA,NA,NA,5
"335",473146,0,139.439,4,1,TRUE,FALSE,TRUE,FALSE,4,4,1,3,4
"336",211,0,84.462,1,1,TRUE,TRUE,TRUE,FALSE,3,5,5,2,7
"337",9911,0,0,NA,NA,FALSE,FALSE,FALSE,FALSE,NA,NA,NA,NA,5
"338",319,1,213.358,5,2,FALSE,FALSE,FALSE,TRUE,3,5,5,2,6
"339",603,0,179.085,1,NA,TRUE,TRUE,TRUE,FALSE,1,NA,6,4,5
"340",261,1,78.3,5,2,TRUE,FALSE,FALSE,TRUE,2,5,4,3,7
"341",168,0,68.039,4,1,TRUE,TRUE,FALSE,FALSE,2,4,4,2,5
"342",229,1,98.212,5,0,TRUE,TRUE,TRUE,FALSE,4,5,5,3,7
"343",5,NA,NA,NA,NA,FALSE,FALSE,FALSE,FALSE,NA,NA,NA,NA,5
"344",576,0,257.016,4,2,TRUE,TRUE,TRUE,TRUE,4,5,4,3,3
"345",2000,0,1758.316,1,3,TRUE,TRUE,TRUE,TRUE,2,4,5,3,3
"346",123,1,30.29,5,3,TRUE,TRUE,FALSE,FALSE,2,4,3,3,5
"347",484,1,3.76900000000001,1,0,TRUE,TRUE,TRUE,FALSE,3,5,4,3,5
"348",998,0,319.085,5,2,TRUE,TRUE,TRUE,FALSE,2,5,5,3,4
"349",329,1,159.781,5,4,TRUE,TRUE,TRUE,TRUE,2,3,5,2,4
"350",141,0,1.5,4,4,TRUE,FALSE,FALSE,FALSE,1,4,3,2,5
"351",453,1,301.663,1,1,TRUE,TRUE,TRUE,FALSE,2,3,3,3,5
"352",351,1,130.251,5,1,TRUE,TRUE,FALSE,FALSE,5,5,4,3,5
"353",92998,0,116.065,1,2,TRUE,TRUE,FALSE,FALSE,2,5,3,2,8
"354",92567,0,80.702,4,3,FALSE,TRUE,FALSE,FALSE,1,5,4,2,5
"355",1008,0,471.287,5,2,TRUE,FALSE,FALSE,FALSE,2,5,5,1,5
"356",279,0,79.49,5,2,TRUE,TRUE,TRUE,FALSE,3,5,5,2,6
"357",432,1,272.477,5,4,TRUE,TRUE,FALSE,TRUE,3,5,5,3,6
"358",101,0,26.424,1,3,FALSE,TRUE,TRUE,FALSE,4,5,2,3,5
"359",398583,1,0,5,1,FALSE,FALSE,TRUE,FALSE,2,5,4,3,5
"360",798,1,457.844,5,3,TRUE,TRUE,FALSE,FALSE,4,5,5,2,5
"361",691,1,324.832,5,1,TRUE,TRUE,FALSE,FALSE,3,4,3,3,4
"362",150,1,21.26,1,0,TRUE,FALSE,FALSE,FALSE,2,5,4,NA,4
"363",64,0,10.761,1,4,TRUE,TRUE,TRUE,FALSE,1,3,5,1,5
"364",438,1,160.81,5,1,TRUE,TRUE,TRUE,TRUE,3,4,5,2,5
"365",113,0,29.649,5,5,FALSE,TRUE,FALSE,FALSE,4,5,3,3,5
"366",437,1,26.789,5,NA,FALSE,FALSE,FALSE,FALSE,2,4,4,2,7
"367",100911,0,5.833,5,0,FALSE,TRUE,FALSE,FALSE,2,5,2,3,5
"368",136,0,52.723,1,1,TRUE,TRUE,FALSE,FALSE,5,5,4,2,5
"369",317,1,73.635,5,5,FALSE,TRUE,FALSE,FALSE,2,3,5,2,5
"370",524,0,160.038,3,1,FALSE,FALSE,FALSE,FALSE,3,4,3,1,6
"371",427,0,162.682,4,4,TRUE,TRUE,TRUE,FALSE,4,4,4,2,4
"372",3530,1,58.926,5,2,TRUE,TRUE,FALSE,TRUE,4,5,5,3,6
"373",56,1,2.368,1,3,FALSE,FALSE,FALSE,FALSE,3,3,3,NA,5
"374",523227,0,0,NA,NA,FALSE,FALSE,FALSE,FALSE,NA,NA,NA,NA,5
"375",555,1,0,5,2,TRUE,TRUE,TRUE,FALSE,1,5,3,3,3
"376",705,0,409.445,1,NA,TRUE,TRUE,FALSE,FALSE,3,NA,5,2,7
"377",165236,0,109.344,5,4,TRUE,TRUE,TRUE,FALSE,2,5,5,2,5
"378",511,1,303.125,5,1,TRUE,TRUE,FALSE,FALSE,3,5,5,2,6
"379",198310,1,0,5,NA,TRUE,TRUE,FALSE,FALSE,3,5,5,2,8
"380",12901,0,4.003,NA,NA,FALSE,FALSE,FALSE,FALSE,NA,NA,NA,NA,5
"381",2494,1,0,5,0,TRUE,TRUE,TRUE,TRUE,3,5,4,2,5
"382",35,0,0,NA,NA,FALSE,FALSE,FALSE,FALSE,NA,NA,NA,NA,5
"383",419,1,202.56,1,0,TRUE,FALSE,FALSE,FALSE,4,5,5,2,4
"384",355,1,74.2,5,2,TRUE,TRUE,TRUE,TRUE,4,4,5,2,7
"385",111,0,42.668,5,4,TRUE,TRUE,FALSE,FALSE,3,5,5,3,5
"386",180,0,52.502,4,7,TRUE,TRUE,FALSE,TRUE,3,4,3,3,5
"387",333,1,0,4,4,TRUE,TRUE,FALSE,FALSE,3,5,3,2,4
"388",720,1,291.157,5,3,TRUE,TRUE,FALSE,FALSE,4,5,5,2,4
"389",190,1,88.358,5,1,TRUE,TRUE,TRUE,FALSE,2,5,5,3,6
"390",2510,0,200.324,1,6,TRUE,TRUE,FALSE,FALSE,2,5,3,2,9
"391",699,1,0,4,NA,FALSE,FALSE,TRUE,TRUE,3,5,4,2,6
"392",219,1,68.539,5,6,TRUE,FALSE,FALSE,TRUE,4,5,4,3,5
"393",301,0,63.893,2,1,TRUE,FALSE,TRUE,TRUE,2,3,4,3,7
"394",94474,0,75.131,4,0,TRUE,TRUE,TRUE,FALSE,3,5,5,2,6
"395",116,0,26.025,5,3,TRUE,TRUE,TRUE,FALSE,3,4,5,3,6
"396",255,1,167.826,5,NA,TRUE,TRUE,FALSE,FALSE,3,5,5,2,5
"397",92232,1,269.559,5,4,TRUE,TRUE,FALSE,TRUE,4,5,4,3,5
"398",36787,0,112.306,5,4,TRUE,TRUE,TRUE,FALSE,3,5,5,2,6
"399",3,NA,NA,NA,NA,FALSE,FALSE,FALSE,FALSE,NA,NA,NA,NA,5
"400",28,0,0,NA,NA,FALSE,FALSE,FALSE,FALSE,NA,NA,NA,NA,5
"401",9,NA,NA,NA,NA,FALSE,FALSE,FALSE,FALSE,NA,NA,NA,NA,5
"402",97,1,3.764,4,0,TRUE,TRUE,FALSE,TRUE,5,4,5,3,5
"403",3361,0,233.106,5,2,TRUE,FALSE,FALSE,TRUE,2,5,5,1,7
"404",663,1,0,NA,NA,FALSE,FALSE,FALSE,FALSE,NA,NA,NA,NA,5
"405",267,0,53.626,4,0,TRUE,FALSE,FALSE,FALSE,3,5,2,2,3
"406",757,1,223.839,5,1,TRUE,TRUE,FALSE,FALSE,2,NA,6,2,5
"407",474,1,91.436,5,NA,TRUE,TRUE,TRUE,FALSE,4,3,2,2,4
"408",852,0,251.958,5,2,FALSE,FALSE,FALSE,FALSE,3,5,2,2,4
"409",2,NA,NA,NA,NA,FALSE,FALSE,FALSE,FALSE,NA,NA,NA,NA,5
"410",175,1,41.16,5,3,TRUE,TRUE,FALSE,FALSE,4,5,5,3,6
"411",39937,0,110.307,5,NA,TRUE,FALSE,FALSE,TRUE,3,4,4,2,5
"412",863,1,552.636,5,3,TRUE,FALSE,FALSE,TRUE,1,5,5,1,5
"413",728,1,188.932,5,1,FALSE,FALSE,FALSE,TRUE,1,5,4,1,5
"414",839,0,400.523,5,0,FALSE,FALSE,FALSE,FALSE,NA,NA,NA,NA,5
"415",766,1,200.978,5,1,TRUE,TRUE,FALSE,FALSE,2,4,5,3,8
"416",469,0,105.378,5,1,TRUE,TRUE,FALSE,TRUE,2,NA,5,2,4
"417",4,NA,NA,NA,NA,FALSE,FALSE,FALSE,FALSE,NA,NA,NA,NA,5
"418",190,1,57.436,5,3,TRUE,FALSE,TRUE,FALSE,2,5,4,2,2
"419",1861,1,330.086,5,2,TRUE,TRUE,TRUE,TRUE,2,5,4,2,5
"420",380,0,216.439,5,5,TRUE,TRUE,FALSE,FALSE,3,4,3,3,5
"421",288,0,93.288,5,5,TRUE,TRUE,FALSE,FALSE,3,4,4,2,4
"422",31,NA,NA,NA,NA,FALSE,FALSE,FALSE,FALSE,NA,NA,NA,NA,5
"423",517,0,189.351,5,3,TRUE,TRUE,FALSE,FALSE,2,4,5,2,5
"424",105,1,2.401,1,NA,TRUE,TRUE,FALSE,FALSE,1,4,3,3,4
"425",328,1,39.31,3,1,TRUE,FALSE,TRUE,FALSE,2,5,4,2,4
"426",11,NA,NA,NA,NA,FALSE,FALSE,FALSE,FALSE,NA,NA,NA,NA,5
"427",1266,0,55.543,5,1,FALSE,TRUE,FALSE,TRUE,3,4,2,2,5
"428",9842,0,7.352,3,2,TRUE,TRUE,FALSE,FALSE,3,5,3,2,5
"429",443,0,6.894,1,4,TRUE,FALSE,TRUE,FALSE,4,4,4,3,5
"430",25,1,0,NA,NA,FALSE,FALSE,FALSE,FALSE,NA,NA,NA,NA,5
"431",749,1,28.007,5,NA,TRUE,TRUE,TRUE,TRUE,3,3,5,3,7
"432",255,0,70.832,4,4,TRUE,TRUE,TRUE,FALSE,4,5,4,2,7
"433",158,NA,NA,NA,NA,FALSE,FALSE,FALSE,FALSE,NA,NA,NA,NA,5
"434",1,NA,NA,NA,NA,FALSE,FALSE,FALSE,FALSE,NA,NA,NA,NA,5
"435",7408,1,1.273,5,1,TRUE,TRUE,TRUE,FALSE,3,5,3,2,2
"436",103596,0,27623.118,5,7,TRUE,TRUE,FALSE,FALSE,3,5,5,3,5
"437",659,1,343.334,5,3,TRUE,TRUE,TRUE,FALSE,2,5,4,3,4
"438",8,NA,NA,NA,NA,FALSE,FALSE,FALSE,FALSE,NA,NA,NA,NA,5
"439",267,0,139.495,5,0,FALSE,FALSE,TRUE,FALSE,3,4,3,1,5
"440",437,1,0,5,5,TRUE,TRUE,FALSE,FALSE,2,4,5,2,4
"441",9309,1,116.385,5,6,TRUE,TRUE,TRUE,FALSE,2,5,2,2,5
"442",8,NA,NA,NA,NA,FALSE,FALSE,FALSE,FALSE,NA,NA,NA,NA,5
"443",19,NA,NA,NA,NA,FALSE,FALSE,FALSE,FALSE,NA,NA,NA,NA,5
"444",297,1,19.778,1,0,TRUE,TRUE,TRUE,FALSE,5,5,2,3,4
"445",473,1,177.945,5,3,TRUE,TRUE,FALSE,FALSE,3,5,4,3,4
"446",179,0,11.967,5,1,TRUE,TRUE,TRUE,FALSE,2,3,5,2,5
"447",371,1,257.062,5,7,TRUE,TRUE,FALSE,TRUE,3,5,4,2,5
"448",391,0,219.241,1,2,TRUE,TRUE,FALSE,TRUE,3,5,5,2,6
"449",384,0,155.653,1,3,TRUE,FALSE,TRUE,FALSE,3,4,5,2,5
"450",177,1,50.72,5,6,TRUE,TRUE,TRUE,TRUE,2,3,5,3,5
"451",227,0,104.888,4,2,TRUE,TRUE,FALSE,FALSE,2,4,4,2,3
"452",777,1,618.339,5,4,TRUE,TRUE,TRUE,FALSE,2,5,3,2,4
"453",3888,0,173.056,5,5,TRUE,TRUE,FALSE,FALSE,2,4,5,2,3
"454",42,1,0,NA,NA,FALSE,FALSE,FALSE,FALSE,NA,NA,NA,NA,5
"455",184055,0,111.765,5,4,TRUE,TRUE,FALSE,TRUE,4,4,5,2,5
"456",551,0,0,NA,NA,FALSE,FALSE,FALSE,FALSE,NA,NA,NA,NA,5
"457",461,0,198.652,4,1,TRUE,TRUE,FALSE,FALSE,2,NA,6,2,6
"458",234,0,46.309,5,3,TRUE,FALSE,FALSE,FALSE,3,3,5,3,5
"459",439,0,87.405,5,1,FALSE,TRUE,FALSE,FALSE,2,5,5,2,5
"460",372,1,66.683,5,7,TRUE,TRUE,TRUE,FALSE,3,3,5,3,5
"461",402,1,276.159,5,2,TRUE,TRUE,FALSE,TRUE,3,5,4,3,5
"462",615,1,335.492,5,2,TRUE,TRUE,FALSE,FALSE,2,4,3,2,6
"463",213,0,-1.103,5,NA,TRUE,TRUE,FALSE,FALSE,2,4,5,3,3
"464",708,1,5.313,1,7,TRUE,TRUE,TRUE,FALSE,3,3,5,3,5
"465",549,0,190.316,3,7,FALSE,FALSE,FALSE,TRUE,3,5,5,2,6
"466",273,0,11.011,1,NA,TRUE,FALSE,FALSE,TRUE,1,5,1,3,5
"467",342,1,22.272,1,0,FALSE,FALSE,FALSE,TRUE,1,1,1,3,5
"468",547,1,264.327,5,0,TRUE,TRUE,TRUE,FALSE,3,4,5,3,6
"469",429,1,60.844,5,7,TRUE,TRUE,TRUE,FALSE,2,5,5,3,5
"470",517,0,121.93,4,3,TRUE,TRUE,TRUE,TRUE,3,5,5,2,5
"471",624,1,136.403,5,3,TRUE,TRUE,TRUE,FALSE,2,5,5,2,6
"472",51447,1,41.04,5,2,TRUE,TRUE,TRUE,FALSE,2,5,5,1,5
"473",257,0,102.696,4,1,FALSE,FALSE,TRUE,TRUE,3,5,4,1,4
"474",81450,NA,NA,NA,NA,FALSE,FALSE,FALSE,FALSE,NA,NA,NA,NA,5
"475",21,1,0,NA,NA,FALSE,FALSE,FALSE,FALSE,NA,NA,NA,NA,5
"476",253255,0,393.611,5,0,FALSE,TRUE,TRUE,FALSE,3,5,3,3,5
"477",129420,1,161.799,5,1,TRUE,TRUE,TRUE,FALSE,2,5,4,2,3
"478",361,0,145.47,5,5,TRUE,TRUE,FALSE,TRUE,2,5,4,2,7
"479",238,0,5.611,1,1,TRUE,TRUE,TRUE,FALSE,3,5,5,2,4
"480",544,1,123.969,4,3,TRUE,TRUE,TRUE,FALSE,3,5,4,1,6
"481",939,1,229.403,5,4,TRUE,TRUE,TRUE,FALSE,3,5,4,3,9
"482",244495,0,1558.913,1,NA,FALSE,FALSE,TRUE,FALSE,3,4,4,2,5
"483",477,0,205.742,5,1,TRUE,TRUE,TRUE,TRUE,3,5,5,1,5
"484",432,1,249.871,5,NA,TRUE,TRUE,FALSE,TRUE,1,5,5,2,4
"485",451,0,196.542,4,7,TRUE,TRUE,FALSE,TRUE,2,5,4,3,6
"486",216,0,59.932,4,2,TRUE,TRUE,FALSE,TRUE,3,5,5,2,5
"487",588,1,229.877,5,NA,TRUE,FALSE,TRUE,FALSE,3,3,4,3,5
"488",278,1,104.757,1,3,TRUE,FALSE,FALSE,TRUE,3,5,5,2,6
"489",171,0,35.75,5,4,TRUE,TRUE,FALSE,TRUE,4,3,3,2,5
"490",173,0,55.285,1,3,TRUE,FALSE,FALSE,TRUE,3,5,5,2,6
"491",222,1,122.228,5,3,TRUE,TRUE,FALSE,TRUE,4,5,3,2,6
"492",3,NA,NA,NA,NA,FALSE,FALSE,FALSE,FALSE,NA,NA,NA,NA,5
"493",5735,0,293.185,5,2,TRUE,TRUE,TRUE,FALSE,3,5,4,3,4
"494",253414,0,6.042,5,5,TRUE,FALSE,FALSE,FALSE,4,5,5,2,4
"495",230,1,68.536,5,1,FALSE,TRUE,FALSE,FALSE,1,3,3,2,4
"496",180,1,63.958,5,NA,TRUE,TRUE,FALSE,FALSE,5,5,4,3,6
"497",432,0,314.89,5,4,TRUE,TRUE,FALSE,TRUE,4,5,5,2,5
"498",63300,0,622.138,5,3,TRUE,TRUE,FALSE,FALSE,2,4,5,2,7
"499",515,0,38.497,4,1,TRUE,TRUE,FALSE,FALSE,1,NA,2,2,5
"500",459,0,100.923,5,7,TRUE,TRUE,FALSE,TRUE,4,5,5,2,5
"501",502,1,49.65,5,NA,TRUE,TRUE,FALSE,FALSE,1,5,2,2,5
"502",244,1,134.59,2,2,TRUE,TRUE,FALSE,FALSE,1,4,5,2,4
"503",322140,1,2543.673,4,NA,TRUE,FALSE,FALSE,TRUE,4,5,4,2,5
"504",276154,0,117.985,4,3,TRUE,TRUE,FALSE,TRUE,3,5,5,3,5
"505",249208,1,196.712,5,0,TRUE,TRUE,FALSE,FALSE,4,5,4,2,4
"506",587729,1,152.962,4,5,TRUE,TRUE,FALSE,TRUE,3,5,5,2,5
"507",154,1,0.801,5,5,TRUE,TRUE,FALSE,FALSE,3,5,4,1,9
"508",215,1,126.741,5,2,FALSE,TRUE,FALSE,TRUE,3,4,4,NA,5
"509",1016,0,26.087,NA,NA,FALSE,FALSE,FALSE,FALSE,NA,NA,NA,NA,5
"510",237,1,71.094,5,2,FALSE,TRUE,FALSE,FALSE,3,5,4,3,4
"511",328,0,121.542,5,0,TRUE,TRUE,TRUE,FALSE,4,5,5,2,6
"512",139,0,37.074,5,5,TRUE,TRUE,FALSE,TRUE,3,5,2,3,5
"513",3450,0,246.922,2,2,TRUE,TRUE,TRUE,TRUE,4,5,5,2,4
"514",403,0,106.061,5,7,TRUE,TRUE,FALSE,TRUE,4,5,4,2,5
"515",16,NA,NA,NA,NA,FALSE,FALSE,FALSE,FALSE,NA,NA,NA,NA,5
"516",2394,1,0.923999999999999,5,0,TRUE,FALSE,TRUE,FALSE,4,5,4,2,5
"517",1109,1,653.569,4,3,TRUE,TRUE,FALSE,TRUE,3,5,2,2,4
"518",79,NA,NA,NA,NA,FALSE,FALSE,FALSE,FALSE,NA,NA,NA,NA,5
"519",1059,0,102.153,5,3,TRUE,TRUE,FALSE,FALSE,2,4,5,3,6
"520",100,0,11.765,3,2,TRUE,TRUE,FALSE,TRUE,2,5,5,1,5
"521",15213,1,65.811,4,1,TRUE,TRUE,FALSE,TRUE,2,5,5,2,6
"522",12,NA,NA,NA,NA,FALSE,FALSE,FALSE,FALSE,NA,NA,NA,NA,5
"523",7401,1,0,5,6,TRUE,TRUE,TRUE,FALSE,3,5,4,3,9
"524",2,NA,NA,NA,NA,FALSE,FALSE,FALSE,FALSE,NA,NA,NA,NA,5
"525",12791,1,208.105,4,3,TRUE,TRUE,TRUE,TRUE,4,5,3,3,8
"526",80,0,2.563,5,4,TRUE,TRUE,FALSE,TRUE,5,5,3,3,4
"527",981,0,2.721,4,3,TRUE,TRUE,FALSE,TRUE,3,5,2,2,5
"528",182,0,94.381,5,2,TRUE,TRUE,FALSE,TRUE,3,5,4,2,4
"529",414,1,92.942,4,0,TRUE,TRUE,TRUE,TRUE,3,NA,4,4,5
"530",10212,1,17.055,5,1,TRUE,TRUE,FALSE,FALSE,3,5,4,3,5
"531",26,NA,NA,NA,NA,FALSE,FALSE,FALSE,FALSE,NA,NA,NA,NA,5
"532",24711,1,314.725,5,1,FALSE,FALSE,FALSE,FALSE,NA,NA,NA,NA,5
"533",38,1,0,NA,NA,FALSE,FALSE,FALSE,FALSE,NA,NA,NA,NA,5
"534",7,NA,NA,NA,NA,FALSE,FALSE,FALSE,FALSE,NA,NA,NA,NA,5
"535",81,NA,NA,NA,NA,FALSE,FALSE,FALSE,FALSE,NA,NA,NA,NA,5
"536",184,0,55.399,4,1,TRUE,TRUE,FALSE,FALSE,2,NA,6,2,7
"537",206,1,96.373,5,4,TRUE,TRUE,FALSE,TRUE,3,5,5,2,4
"538",254,1,92.72,5,7,TRUE,TRUE,FALSE,TRUE,2,5,5,3,5
"539",815,0,235.123,5,NA,FALSE,TRUE,FALSE,TRUE,3,5,5,3,3
"540",29168,1,44.767,5,2,TRUE,TRUE,TRUE,FALSE,1,5,4,2,8
"541",95116,0,126.518,4,4,FALSE,TRUE,FALSE,FALSE,3,3,5,2,5
"542",744,1,243.275,4,1,TRUE,TRUE,FALSE,FALSE,3,4,4,2,5
"543",92,0,12.364,2,NA,FALSE,FALSE,TRUE,FALSE,5,5,4,2,5
"544",261,1,46.57,5,4,TRUE,TRUE,TRUE,FALSE,4,5,5,3,5
"545",500,0,213.133,4,1,TRUE,TRUE,FALSE,TRUE,4,4,3,1,4
"546",16,NA,NA,NA,NA,FALSE,FALSE,FALSE,FALSE,NA,NA,NA,NA,5
"547",749,1,331.713,5,2,TRUE,TRUE,TRUE,TRUE,3,5,5,3,7
"548",1017,1,481.055,5,0,TRUE,TRUE,TRUE,TRUE,3,5,5,2,1
"549",553,1,340.428,1,1,TRUE,TRUE,TRUE,FALSE,2,NA,6,3,5
"550",3185,0,130.315,5,2,TRUE,TRUE,FALSE,FALSE,2,4,4,3,7
"551",4347,1,428.777,4,NA,TRUE,TRUE,FALSE,TRUE,2,NA,4,1,4
"552",28,1,3.435,1,NA,FALSE,FALSE,FALSE,FALSE,NA,NA,NA,NA,5
"553",485,0,189.066,5,1,TRUE,FALSE,FALSE,FALSE,4,5,3,2,7
"554",883,1,314.682,5,1,TRUE,TRUE,TRUE,FALSE,3,3,4,2,4
"555",340,0,159.714,5,5,TRUE,TRUE,TRUE,FALSE,3,4,4,3,5
"556",28,1,0,NA,NA,FALSE,FALSE,FALSE,FALSE,NA,NA,NA,NA,5
"557",125,0,38.763,5,1,FALSE,FALSE,TRUE,FALSE,2,4,4,3,5
"558",178,0,18.157,4,NA,TRUE,TRUE,TRUE,FALSE,4,5,4,2,2
"559",11,1,0,NA,NA,FALSE,FALSE,FALSE,FALSE,NA,NA,NA,NA,5
"560",155494,1,426.039,5,NA,TRUE,TRUE,TRUE,TRUE,2,5,2,2,6
"561",328,1,98.307,5,1,TRUE,TRUE,TRUE,FALSE,3,5,3,3,5
"562",500,0,128.381,1,2,TRUE,TRUE,TRUE,TRUE,2,5,3,2,6
"563",46,0,0,NA,NA,FALSE,FALSE,FALSE,FALSE,NA,NA,NA,NA,5
"564",192931,1,235.846,5,3,TRUE,TRUE,FALSE,FALSE,3,5,5,3,4
"565",136,0,5.791,1,3,TRUE,TRUE,FALSE,FALSE,3,5,3,2,5
"566",421,1,177.961,5,5,TRUE,TRUE,FALSE,TRUE,2,NA,6,2,4
"567",249716,1,92.3650000000007,5,0,FALSE,TRUE,TRUE,FALSE,3,5,4,1,6
"568",410,1,216.439,5,3,TRUE,TRUE,TRUE,FALSE,2,5,5,3,5
"569",412,0,91.493,5,0,TRUE,FALSE,FALSE,FALSE,2,5,5,2,6
"570",395,0,3.454,5,5,TRUE,TRUE,FALSE,FALSE,2,5,5,2,5
"571",230,1,8.616,5,5,TRUE,TRUE,FALSE,TRUE,1,5,5,1,5
"572",1353,0,8.189,5,4,TRUE,TRUE,FALSE,FALSE,3,5,4,3,5
"573",1055,1,392.898,1,5,TRUE,TRUE,FALSE,TRUE,3,5,4,1,4
"574",770,1,271.667,4,NA,TRUE,FALSE,TRUE,TRUE,2,5,5,1,4
"575",2885,0,940.539,5,0,FALSE,FALSE,FALSE,FALSE,3,5,4,2,4
"576",2399,1,600.655,1,3,FALSE,FALSE,TRUE,FALSE,1,4,4,2,5
"577",193355,0,52.137,1,1,TRUE,TRUE,TRUE,FALSE,4,5,5,3,5
"578",24352,0,99.854,5,2,TRUE,TRUE,TRUE,FALSE,3,5,5,3,5
"579",728,0,247.177,4,NA,TRUE,TRUE,TRUE,FALSE,4,5,5,1,7
"580",2,NA,NA,NA,NA,FALSE,FALSE,FALSE,FALSE,NA,NA,NA,NA,5
"581",43,NA,NA,NA,NA,FALSE,FALSE,FALSE,FALSE,NA,NA,NA,NA,5
"582",4,NA,NA,NA,NA,FALSE,FALSE,FALSE,FALSE,NA,NA,NA,NA,5
"583",3,NA,NA,NA,NA,FALSE,FALSE,FALSE,FALSE,NA,NA,NA,NA,5
"584",413,0,207.491,5,4,TRUE,TRUE,FALSE,TRUE,3,NA,4,4,6
"585",62,1,0,5,3,TRUE,TRUE,FALSE,TRUE,5,5,5,2,4
"586",138,0,0,NA,NA,FALSE,FALSE,FALSE,FALSE,NA,NA,NA,NA,5
"587",159823,1,136.051,5,1,TRUE,TRUE,TRUE,FALSE,2,5,4,3,5
"588",141,0,82.023,5,0,TRUE,TRUE,FALSE,TRUE,2,5,4,3,5
"589",301,0,108.227,5,4,TRUE,TRUE,TRUE,FALSE,3,5,4,3,6
"590",23,0,-0.00199999999999978,NA,NA,FALSE,FALSE,FALSE,FALSE,NA,NA,NA,NA,5
"591",241,0,111.28,4,NA,FALSE,TRUE,FALSE,TRUE,3,5,5,2,5
"592",307,1,43.166,5,3,TRUE,TRUE,FALSE,TRUE,2,5,4,2,5
"593",288,0,111.689,5,3,TRUE,FALSE,FALSE,TRUE,3,5,5,3,6
"594",153,1,0.534999999999999,4,NA,FALSE,TRUE,FALSE,TRUE,3,5,5,2,5
"595",482,0,317.662,5,3,TRUE,TRUE,FALSE,TRUE,3,5,5,3,6
"596",478,1,163.411,5,NA,TRUE,TRUE,FALSE,TRUE,3,4,5,2,5
"597",378,1,194.366,5,3,TRUE,TRUE,TRUE,TRUE,3,5,4,3,7
"598",130,0,0,NA,NA,FALSE,FALSE,FALSE,FALSE,NA,NA,NA,NA,5
"599",2981,1,0,NA,NA,FALSE,FALSE,FALSE,FALSE,NA,NA,NA,NA,5
"600",16,NA,NA,NA,NA,FALSE,FALSE,FALSE,FALSE,NA,NA,NA,NA,5
"601",2,NA,NA,NA,NA,FALSE,FALSE,FALSE,FALSE,NA,NA,NA,NA,5
"602",26,1,0.852,NA,NA,FALSE,FALSE,FALSE,FALSE,NA,NA,NA,NA,5
"603",216,0,86.041,5,3,TRUE,TRUE,TRUE,FALSE,2,5,4,2,5
"604",532,1,244.028,5,5,TRUE,TRUE,FALSE,TRUE,3,4,4,3,5
"605",2409,1,0,NA,0,FALSE,FALSE,FALSE,FALSE,NA,NA,NA,NA,5
"606",244,1,96.078,1,0,TRUE,TRUE,TRUE,FALSE,5,5,2,3,5
"607",98,0,20.303,5,4,TRUE,TRUE,FALSE,TRUE,2,5,5,1,5
"608",2870,1,2475.832,5,3,TRUE,TRUE,FALSE,TRUE,2,4,4,3,5
"609",3324,0,0,NA,NA,FALSE,FALSE,FALSE,FALSE,NA,NA,NA,NA,5
"610",40,1,0,NA,NA,FALSE,FALSE,FALSE,FALSE,NA,NA,NA,NA,5
"611",18,0,0,NA,NA,FALSE,FALSE,FALSE,FALSE,NA,NA,NA,NA,5
"612",251,0,5.23,5,1,FALSE,FALSE,FALSE,FALSE,2,3,4,2,7
"613",473,1,299.313,5,4,TRUE,TRUE,FALSE,TRUE,3,5,4,3,4
"614",92313,0,102.092,5,2,TRUE,TRUE,FALSE,FALSE,3,4,4,2,7
"615",220,0,115.098,4,3,TRUE,TRUE,FALSE,FALSE,3,4,4,3,5
"616",458,1,0,5,2,TRUE,TRUE,FALSE,FALSE,4,5,5,2,5
"617",311,0,197.238,1,4,TRUE,TRUE,FALSE,FALSE,3,4,3,3,7
"618",265,1,0,1,3,TRUE,FALSE,FALSE,FALSE,3,5,5,3,3
"619",348,0,34.992,5,1,TRUE,TRUE,FALSE,FALSE,1,5,5,2,5
"620",974,0,0,NA,NA,FALSE,FALSE,FALSE,FALSE,NA,NA,NA,NA,5
"621",646,0,302.64,5,4,TRUE,TRUE,FALSE,TRUE,2,4,4,2,4
"622",418,1,211.521,5,NA,TRUE,FALSE,TRUE,TRUE,2,5,4,2,4
"623",18,NA,NA,NA,NA,FALSE,FALSE,FALSE,FALSE,NA,NA,NA,NA,5
"624",30,NA,NA,NA,NA,FALSE,FALSE,FALSE,FALSE,NA,NA,NA,NA,5
"625",155,1,0,5,NA,FALSE,FALSE,TRUE,FALSE,3,5,3,NA,6
"626",365,1,138.202,1,5,TRUE,TRUE,TRUE,TRUE,4,5,3,3,1
"627",11205,1,117.975,5,5,TRUE,TRUE,FALSE,TRUE,2,5,5,3,6
"628",74,0,-0.048,4,3,TRUE,TRUE,FALSE,TRUE,3,4,3,3,5
"629",652,1,211.584,5,2,FALSE,TRUE,FALSE,TRUE,4,5,4,2,6
"630",4,NA,NA,NA,NA,FALSE,FALSE,FALSE,FALSE,NA,NA,NA,NA,5
"631",414,1,118.575,5,2,TRUE,FALSE,FALSE,TRUE,4,4,5,2,7
"632",753,0,335.746,5,1,FALSE,FALSE,TRUE,FALSE,3,5,5,2,5
"633",468,0,228.451,5,2,TRUE,TRUE,TRUE,FALSE,4,5,4,2,8
"634",13,NA,NA,NA,NA,FALSE,FALSE,FALSE,FALSE,NA,NA,NA,NA,5
"635",427,1,148.143,5,4,TRUE,TRUE,TRUE,TRUE,2,5,5,2,3
"636",189,0,50.531,5,5,TRUE,FALSE,TRUE,FALSE,4,2,4,3,5
"637",129,1,60.995,1,2,TRUE,TRUE,TRUE,FALSE,5,5,5,3,6
"638",18,0,3.923,NA,NA,FALSE,FALSE,FALSE,FALSE,NA,NA,NA,NA,5
"639",230,0,86.193,5,1,TRUE,TRUE,FALSE,FALSE,2,5,3,3,4
"640",764,1,97.543,4,1,TRUE,TRUE,FALSE,FALSE,5,5,2,3,7
"641",8,NA,NA,NA,NA,FALSE,FALSE,FALSE,FALSE,NA,NA,NA,NA,5
"642",8425,1,0,NA,NA,FALSE,FALSE,FALSE,FALSE,NA,NA,NA,NA,5
"643",2815,1,564.354,4,0,TRUE,TRUE,FALSE,FALSE,4,3,5,3,5
"644",674,0,118.752,1,4,FALSE,FALSE,FALSE,TRUE,2,NA,5,1,4
"645",248,1,105.396,2,2,TRUE,FALSE,TRUE,FALSE,4,5,3,3,3
"646",441,1,0,1,1,TRUE,TRUE,FALSE,TRUE,2,5,4,2,5
"647",228,0,92.921,5,4,TRUE,TRUE,FALSE,TRUE,3,5,5,2,5
"648",13,NA,NA,NA,NA,FALSE,FALSE,FALSE,FALSE,NA,NA,NA,NA,5
"649",7084,1,220.662,5,2,TRUE,TRUE,FALSE,FALSE,3,4,5,3,6
"650",452,0,131.544,5,4,TRUE,TRUE,TRUE,FALSE,4,4,3,2,6
"651",93,1,0,1,1,FALSE,FALSE,FALSE,FALSE,3,4,5,2,5
"652",45,0,11.761,4,1,FALSE,FALSE,FALSE,FALSE,1,5,5,2,5
"653",50,0,10.693,5,1,FALSE,FALSE,FALSE,FALSE,3,5,NA,2,5
"654",148,1,16.702,5,2,TRUE,FALSE,FALSE,FALSE,4,NA,6,2,5
"655",11,1,0,NA,NA,FALSE,FALSE,FALSE,FALSE,NA,NA,NA,NA,5
"656",171,1,48.728,5,4,TRUE,TRUE,FALSE,TRUE,4,5,5,2,5
"657",495,0,308.567,5,1,FALSE,FALSE,TRUE,FALSE,4,5,3,1,5
"658",468,0,120.67,5,1,TRUE,TRUE,FALSE,TRUE,2,5,5,2,4
"659",210,1,104.438,2,1,FALSE,TRUE,FALSE,TRUE,2,3,3,2,5
"660",447,0,173.72,5,5,TRUE,FALSE,FALSE,TRUE,3,5,4,2,6
"661",701,1,0,4,1,TRUE,FALSE,FALSE,TRUE,3,5,4,2,4
"662",177,0,74.81,5,NA,TRUE,TRUE,FALSE,FALSE,3,5,5,2,4
"663",218,1,77.789,2,1,FALSE,TRUE,FALSE,TRUE,2,3,3,2,5
"664",322,0,106.031,5,1,TRUE,TRUE,TRUE,FALSE,3,5,5,3,6
"665",441,1,237.389,5,3,TRUE,TRUE,FALSE,TRUE,3,5,5,2,7
"666",638,0,414.617,3,0,TRUE,FALSE,TRUE,TRUE,3,5,2,2,6
"667",1475,1,166.708,5,4,TRUE,TRUE,FALSE,TRUE,3,5,4,3,5
"668",282,0,99.25,5,3,TRUE,TRUE,FALSE,TRUE,3,5,4,2,5
"669",324,0,176.827,5,1,TRUE,TRUE,FALSE,FALSE,3,5,5,1,7
"670",9,1,0,NA,NA,FALSE,FALSE,FALSE,FALSE,NA,NA,NA,NA,5
"671",467085,0,0,5,2,TRUE,TRUE,TRUE,TRUE,3,5,5,2,3
"672",224,0,25.175,5,2,TRUE,TRUE,FALSE,FALSE,3,4,4,1,5
"673",638,1,2.21600000000001,3,0,TRUE,TRUE,TRUE,FALSE,2,5,4,3,7
"674",1150,0,191.314,4,4,FALSE,TRUE,TRUE,TRUE,3,4,3,2,3
"675",68,NA,NA,NA,NA,FALSE,FALSE,FALSE,FALSE,NA,NA,NA,NA,5
"676",34,1,0,NA,NA,FALSE,FALSE,FALSE,FALSE,NA,NA,NA,NA,5
"677",508,1,13.425,4,NA,TRUE,FALSE,TRUE,FALSE,2,5,5,NA,8
"678",352,0,151.856,5,1,TRUE,FALSE,FALSE,TRUE,3,NA,4,4,9
"679",810,1,356.436,2,1,TRUE,TRUE,FALSE,FALSE,3,4,3,3,6
"680",34339,0,217.623,4,0,TRUE,TRUE,TRUE,FALSE,1,5,4,1,6
"681",7699,1,132.417,5,1,TRUE,FALSE,TRUE,TRUE,1,5,4,2,5
"682",175,0,54.945,5,0,FALSE,TRUE,TRUE,FALSE,3,4,2,3,5
"683",399,0,129.131,5,1,TRUE,TRUE,FALSE,TRUE,4,5,4,3,4
"684",199633,1,221.448,4,1,FALSE,TRUE,FALSE,FALSE,3,4,4,3,3
"685",5,NA,NA,NA,NA,FALSE,FALSE,FALSE,FALSE,NA,NA,NA,NA,5
"686",576,1,5.339,3,4,FALSE,TRUE,FALSE,FALSE,2,NA,4,2,5
"687",1,NA,NA,NA,NA,FALSE,FALSE,FALSE,FALSE,NA,NA,NA,NA,5
"688",5,NA,NA,NA,NA,FALSE,FALSE,FALSE,FALSE,NA,NA,NA,NA,5
"689",424,1,3.119,5,5,TRUE,FALSE,FALSE,TRUE,3,3,3,3,5
"690",956536,0,0,5,3,TRUE,TRUE,FALSE,TRUE,3,1,4,2,7
"691",1430,1,466.158,4,3,TRUE,FALSE,FALSE,FALSE,2,3,5,1,6
"692",162790,NA,NA,NA,NA,FALSE,FALSE,FALSE,FALSE,NA,NA,NA,NA,5
"693",402,0,179.161,5,3,TRUE,TRUE,TRUE,FALSE,3,5,4,3,7
"694",25,NA,NA,NA,NA,FALSE,FALSE,FALSE,FALSE,NA,NA,NA,NA,5
"695",53742,0,87.159,1,0,TRUE,TRUE,TRUE,FALSE,3,5,2,NA,6
"696",63952,0,109.942,5,NA,TRUE,TRUE,FALSE,FALSE,4,5,4,3,7
"697",59,1,15.845,5,0,FALSE,FALSE,TRUE,TRUE,2,5,5,3,5
"698",460,1,194.783,4,NA,TRUE,TRUE,TRUE,FALSE,3,5,3,3,6
"699",351421,1,0,NA,NA,FALSE,FALSE,FALSE,FALSE,NA,NA,NA,NA,5
"700",413,0,228.116,5,1,TRUE,TRUE,TRUE,FALSE,3,5,5,3,5
"701",79,0,16.474,5,1,TRUE,TRUE,TRUE,FALSE,2,4,5,3,5
"702",477,1,234.162,5,1,TRUE,TRUE,TRUE,FALSE,3,5,4,2,4
"703",440,1,199.958,5,1,TRUE,TRUE,FALSE,TRUE,4,5,5,2,6
"704",192,1,86.261,5,3,TRUE,FALSE,FALSE,FALSE,2,4,5,1,5
"705",1099,1,0,5,1,TRUE,TRUE,FALSE,FALSE,2,5,4,2,4
"706",1167,0,35.549,5,3,TRUE,TRUE,FALSE,TRUE,2,NA,4,4,5
"707",260,0,78.145,5,2,TRUE,TRUE,TRUE,FALSE,3,5,4,3,5
"708",529105,1,161.395,5,NA,TRUE,TRUE,TRUE,TRUE,3,5,5,2,6
"709",455,1,278.275,5,1,TRUE,FALSE,TRUE,TRUE,3,5,4,2,4
"710",519,0,206.799,5,3,TRUE,TRUE,FALSE,FALSE,2,5,4,2,7
"711",2,NA,NA,NA,NA,FALSE,FALSE,FALSE,FALSE,NA,NA,NA,NA,5
"712",7,1,0,NA,NA,FALSE,FALSE,FALSE,FALSE,NA,NA,NA,NA,5
"713",6,0,0,NA,NA,FALSE,FALSE,FALSE,FALSE,NA,NA,NA,NA,5
"714",7,1,0,NA,NA,FALSE,FALSE,FALSE,FALSE,NA,NA,NA,NA,5
"715",6,0,0,NA,NA,FALSE,FALSE,FALSE,FALSE,NA,NA,NA,NA,5
"716",43,1,0,NA,NA,FALSE,FALSE,FALSE,FALSE,NA,NA,NA,NA,5
"717",7,0,0,NA,NA,FALSE,FALSE,FALSE,FALSE,NA,NA,NA,NA,5
"718",9,1,0,NA,NA,FALSE,FALSE,FALSE,FALSE,NA,NA,NA,NA,5
"719",254,0,113.994,2,6,TRUE,TRUE,FALSE,TRUE,4,5,2,2,5
"720",530,1,235.574,5,2,TRUE,FALSE,TRUE,FALSE,3,4,3,2,6
"721",5,NA,NA,NA,NA,FALSE,FALSE,FALSE,FALSE,NA,NA,NA,NA,5
"722",20,NA,NA,NA,NA,FALSE,FALSE,FALSE,FALSE,NA,NA,NA,NA,5
"723",3206,1,489.376,5,2,TRUE,TRUE,FALSE,FALSE,2,5,4,2,8
"724",17,NA,NA,NA,NA,FALSE,FALSE,FALSE,FALSE,NA,NA,NA,NA,5
"725",57087,0,189.494,5,5,TRUE,TRUE,FALSE,FALSE,2,4,5,2,4
"726",543,0,274.194,5,2,TRUE,TRUE,TRUE,FALSE,2,5,4,3,4
"727",296,1,1.301,5,1,TRUE,TRUE,FALSE,TRUE,5,5,5,2,6
"728",568,1,100.877,5,2,TRUE,FALSE,TRUE,FALSE,3,5,5,2,8
"729",21,0,3.134,NA,NA,FALSE,FALSE,FALSE,FALSE,NA,NA,NA,NA,5
"730",205,1,57.143,5,6,TRUE,TRUE,FALSE,TRUE,3,5,5,3,5
"731",376,0,164.996,3,0,FALSE,FALSE,TRUE,TRUE,2,5,4,2,5
"732",273382,1,0,NA,NA,FALSE,FALSE,FALSE,FALSE,NA,NA,NA,NA,5
"733",389,1,128.693,5,4,TRUE,TRUE,FALSE,TRUE,3,5,5,2,5
"734",1199,1,46.724,5,5,TRUE,TRUE,FALSE,TRUE,4,5,4,3,4
"735",139,1,43.084,5,2,FALSE,TRUE,FALSE,TRUE,4,5,4,2,6
"736",988,0,81.067,4,4,FALSE,TRUE,FALSE,TRUE,2,5,3,2,6
"737",332,0,0,NA,NA,FALSE,FALSE,FALSE,FALSE,NA,NA,NA,NA,5
"738",288,0,151.978,5,4,TRUE,TRUE,FALSE,FALSE,3,4,5,3,4
"739",115,0,0,NA,NA,FALSE,FALSE,FALSE,FALSE,NA,NA,NA,NA,5
"740",676,1,106.292,5,0,TRUE,FALSE,FALSE,TRUE,3,5,2,3,7
"741",614,1,402.973,2,4,TRUE,TRUE,TRUE,FALSE,3,5,4,3,5
"742",560,1,216.872,5,0,TRUE,TRUE,TRUE,FALSE,2,3,4,3,6
"743",81,1,0,5,NA,FALSE,TRUE,TRUE,TRUE,5,5,4,2,4
"744",471,1,259.411,1,0,TRUE,TRUE,TRUE,FALSE,3,NA,6,3,2
"745",1338,1,4.12400000000002,5,2,FALSE,TRUE,TRUE,FALSE,3,5,4,3,7
"746",481,1,109.513,3,0,FALSE,FALSE,TRUE,FALSE,2,4,4,1,6
"747",351,0,183.884,5,NA,TRUE,TRUE,FALSE,FALSE,2,4,5,2,5
"748",1792,0,156.8,3,0,TRUE,TRUE,TRUE,FALSE,3,5,4,2,4
"749",1381,0,0,NA,NA,FALSE,FALSE,FALSE,FALSE,NA,NA,NA,NA,5
"750",1996,0,238.378,5,3,TRUE,TRUE,TRUE,TRUE,2,5,3,3,9
"751",91223,0,72.758,5,1,TRUE,TRUE,TRUE,FALSE,4,5,5,2,4
"752",4681,0,363.93,4,1,TRUE,TRUE,FALSE,FALSE,3,5,3,2,5
"753",2236,0,98.187,5,2,TRUE,TRUE,TRUE,FALSE,4,4,5,2,9
"754",274,0,163.211,4,4,FALSE,TRUE,TRUE,FALSE,2,5,4,3,5
"755",8,NA,NA,NA,NA,FALSE,FALSE,FALSE,FALSE,NA,NA,NA,NA,5
"756",350,1,222.436,2,1,TRUE,TRUE,FALSE,FALSE,2,4,4,2,6
"757",477,0,151.275,5,3,TRUE,TRUE,FALSE,FALSE,2,4,4,2,5
"758",165,0,40.167,4,2,TRUE,TRUE,TRUE,FALSE,3,5,4,3,5
"759",426,1,272.986,5,5,TRUE,TRUE,TRUE,FALSE,2,5,4,3,7
"760",732,0,242.29,5,1,TRUE,TRUE,TRUE,FALSE,2,5,4,2,5
"761",410,0,154.668,5,0,FALSE,FALSE,FALSE,FALSE,2,5,5,1,4
"762",408,1,41.195,5,NA,FALSE,FALSE,FALSE,FALSE,1,5,4,3,5
"763",255,0,81.214,5,1,FALSE,TRUE,TRUE,TRUE,2,4,4,2,5
"764",95257,1,316.469,5,4,FALSE,FALSE,FALSE,FALSE,4,5,4,2,6
"765",1238,1,0,NA,NA,FALSE,FALSE,FALSE,FALSE,NA,NA,NA,NA,5
"766",405,1,224.744,5,3,TRUE,TRUE,FALSE,TRUE,2,5,5,1,5
"767",596,1,278.899,5,4,TRUE,FALSE,FALSE,TRUE,3,5,4,2,7
"768",528,1,374.192,5,2,TRUE,TRUE,TRUE,TRUE,2,5,3,2,7
"769",679,0,273.368,5,4,FALSE,FALSE,FALSE,TRUE,2,5,5,3,3
"770",115,1,0,4,2,TRUE,TRUE,FALSE,TRUE,3,5,5,3,6
"771",202,0,0,NA,NA,FALSE,FALSE,FALSE,FALSE,NA,NA,NA,NA,5
"772",282,0,48.341,1,NA,TRUE,TRUE,FALSE,FALSE,2,NA,3,1,5
"773",413,1,293.715,5,3,TRUE,TRUE,FALSE,FALSE,3,5,5,3,5
"774",1586,0,127.408,5,2,TRUE,TRUE,TRUE,TRUE,3,4,5,3,6
"775",267,0,0.602,5,2,TRUE,TRUE,TRUE,TRUE,2,4,5,3,6
"776",808,0,227.485,2,2,TRUE,FALSE,FALSE,FALSE,3,5,3,2,5
"777",425,1,284.634,5,3,TRUE,TRUE,FALSE,FALSE,2,4,4,2,3
"778",237,0,129.173,5,7,TRUE,TRUE,FALSE,FALSE,2,5,3,3,6
"779",169881,0,3.556,NA,NA,FALSE,FALSE,FALSE,FALSE,NA,NA,NA,NA,5
"780",1028,0,194.062,3,1,TRUE,FALSE,FALSE,FALSE,2,4,5,2,6
"781",249,1,53.821,5,3,TRUE,TRUE,FALSE,TRUE,3,5,3,2,5
"782",455,1,96.81,5,NA,FALSE,FALSE,TRUE,TRUE,2,5,4,2,6
"783",1110,0,346.864,4,3,FALSE,TRUE,FALSE,FALSE,2,5,5,2,0
"784",2578,1,1399.843,3,1,TRUE,TRUE,FALSE,TRUE,2,4,5,3,4
"785",13,0,1.466,NA,NA,FALSE,FALSE,FALSE,FALSE,NA,NA,NA,NA,5
"786",427,0,111.083,2,1,TRUE,TRUE,TRUE,FALSE,2,NA,6,1,5
"787",481,0,211.385,5,2,TRUE,TRUE,FALSE,TRUE,2,4,4,2,7
"788",1021,1,394.547,5,5,TRUE,TRUE,FALSE,TRUE,2,3,5,3,6
"789",392,1,105.521,5,7,FALSE,TRUE,FALSE,TRUE,3,5,4,2,4
"790",509,0,208.431,5,2,TRUE,TRUE,FALSE,TRUE,2,5,3,3,7
"791",231,0,107.817,5,1,TRUE,TRUE,FALSE,FALSE,2,5,5,2,6
"792",231,1,123.351,5,5,TRUE,FALSE,FALSE,TRUE,3,5,4,2,6
"793",682,1,337.571,5,2,TRUE,TRUE,FALSE,TRUE,4,5,5,3,3
"794",132,0,37.756,5,0,FALSE,FALSE,FALSE,FALSE,3,4,4,3,6
"795",28806,0,28.006,4,1,FALSE,FALSE,FALSE,TRUE,1,5,5,3,6
"796",96906,0,113.739,5,1,FALSE,FALSE,TRUE,TRUE,4,4,5,2,5
"797",966,1,291.126,5,2,TRUE,TRUE,FALSE,TRUE,1,5,5,2,4
"798",479,0,160.015,5,NA,TRUE,TRUE,TRUE,FALSE,4,5,4,1,6
"799",104,0,0.118,4,1,TRUE,FALSE,TRUE,TRUE,2,5,4,2,4
"800",27,NA,NA,NA,NA,FALSE,FALSE,FALSE,FALSE,NA,NA,NA,NA,5
"801",352,1,117.217,1,NA,TRUE,TRUE,TRUE,TRUE,2,4,4,2,6
"802",744,0,328.718,1,0,TRUE,FALSE,TRUE,TRUE,3,3,3,3,5
"803",309,1,125.01,4,3,TRUE,TRUE,FALSE,TRUE,3,5,4,3,5
"804",5,NA,NA,NA,NA,FALSE,FALSE,FALSE,FALSE,NA,NA,NA,NA,5
"805",6660,1,283.57,5,NA,TRUE,TRUE,FALSE,TRUE,3,5,4,3,6
"806",690,1,221.295,5,0,TRUE,TRUE,TRUE,FALSE,4,4,4,3,6
"807",675,0,165.476,5,0,FALSE,FALSE,FALSE,TRUE,3,5,3,3,6
"808",605,1,345.816,5,3,TRUE,TRUE,FALSE,FALSE,4,NA,3,4,6
"809",588,0,27.079,NA,NA,FALSE,FALSE,FALSE,FALSE,NA,NA,NA,NA,5
"810",1349,1,139.411,5,1,TRUE,TRUE,FALSE,FALSE,2,5,5,3,5
"811",3,NA,NA,NA,NA,FALSE,FALSE,FALSE,FALSE,NA,NA,NA,NA,5
"812",474,0,170.968,5,2,TRUE,TRUE,FALSE,FALSE,2,5,4,3,6
"813",394,0,148.392,5,2,TRUE,TRUE,TRUE,TRUE,3,4,3,2,7
"814",444,1,0,NA,NA,FALSE,FALSE,FALSE,FALSE,NA,NA,NA,NA,5
"815",136,0,22.537,5,0,TRUE,TRUE,FALSE,FALSE,2,3,5,3,4
"816",109,1,20.169,4,4,TRUE,TRUE,FALSE,TRUE,2,5,3,2,5
"817",146,0,68.372,5,7,FALSE,FALSE,FALSE,TRUE,3,3,5,2,4
"818",275,0,90.091,4,2,FALSE,TRUE,FALSE,TRUE,4,5,4,2,5
"819",368,0,222.279,5,3,TRUE,TRUE,FALSE,TRUE,4,5,5,2,7
"820",451,1,173.249,5,0,TRUE,TRUE,FALSE,FALSE,2,5,5,2,7
"821",385,1,0,4,3,TRUE,TRUE,FALSE,TRUE,5,5,2,3,7
"822",150,0,0,NA,NA,FALSE,FALSE,FALSE,FALSE,NA,NA,NA,NA,5
"823",229,0,54.797,5,1,TRUE,TRUE,FALSE,FALSE,2,5,5,3,4
"824",3,NA,NA,NA,NA,FALSE,FALSE,FALSE,FALSE,NA,NA,NA,NA,5
"825",3958,0,2610.161,5,4,TRUE,TRUE,FALSE,FALSE,2,5,5,2,3
"826",634,1,452.596,5,3,TRUE,TRUE,FALSE,FALSE,4,3,2,2,4
"827",106,1,19.58,5,0,TRUE,TRUE,TRUE,FALSE,4,5,4,3,6
"828",650,0,3.101,NA,NA,FALSE,FALSE,FALSE,FALSE,NA,NA,NA,NA,5
"829",359514,1,29.25,4,5,TRUE,TRUE,FALSE,FALSE,2,5,5,3,5
"830",267,1,0,NA,NA,FALSE,FALSE,FALSE,FALSE,NA,NA,NA,NA,5
"831",13,NA,NA,NA,NA,FALSE,FALSE,FALSE,FALSE,NA,NA,NA,NA,5
"832",445,0,92.34,5,1,TRUE,FALSE,TRUE,TRUE,3,5,4,3,5
"833",417,1,142.558,5,2,TRUE,TRUE,FALSE,FALSE,1,5,5,2,6
"834",45238,0,126.72,5,5,TRUE,TRUE,TRUE,TRUE,2,4,4,1,5
"835",281,0,1.513,5,5,TRUE,TRUE,TRUE,TRUE,2,4,4,1,5
"836",290,0,103.256,1,7,TRUE,TRUE,TRUE,FALSE,2,4,2,3,6
"837",206,1,12.059,5,2,TRUE,TRUE,FALSE,FALSE,1,3,5,2,5
"838",4,NA,NA,NA,NA,FALSE,FALSE,FALSE,FALSE,NA,NA,NA,NA,5
"839",236,0,92.368,5,1,TRUE,TRUE,FALSE,FALSE,2,4,4,3,5
"840",9,NA,NA,NA,NA,FALSE,FALSE,FALSE,FALSE,NA,NA,NA,NA,5
"841",136,0,23.963,5,3,FALSE,TRUE,TRUE,FALSE,2,5,4,3,5
"842",14,NA,NA,NA,NA,FALSE,FALSE,FALSE,FALSE,NA,NA,NA,NA,5
"843",1490,1,770.151,5,1,FALSE,TRUE,FALSE,FALSE,4,5,5,2,4
"844",802,1,399.488,4,NA,FALSE,FALSE,FALSE,TRUE,2,4,5,2,8
"845",377,1,195.279,5,2,TRUE,TRUE,FALSE,TRUE,3,4,5,3,5
"846",417265,0,0,NA,NA,FALSE,FALSE,FALSE,FALSE,NA,NA,NA,NA,5
"847",26,NA,NA,NA,NA,FALSE,FALSE,FALSE,FALSE,NA,NA,NA,NA,5
"848",2,NA,NA,NA,NA,FALSE,FALSE,FALSE,FALSE,NA,NA,NA,NA,5
"849",5204,1,81.314,5,3,TRUE,TRUE,TRUE,FALSE,2,4,5,2,8
"850",565,1,242.513,5,7,TRUE,TRUE,TRUE,FALSE,2,5,4,1,5
"851",3,NA,NA,NA,NA,FALSE,FALSE,FALSE,FALSE,NA,NA,NA,NA,5
"852",262,0,98.171,5,5,TRUE,TRUE,FALSE,TRUE,1,5,5,2,4
"853",3009,0,59.004,5,4,TRUE,TRUE,TRUE,FALSE,3,5,4,2,6
"854",80,0,0,NA,NA,FALSE,FALSE,FALSE,FALSE,NA,NA,NA,NA,5
"855",502,1,124.565,5,2,TRUE,FALSE,FALSE,TRUE,2,3,4,2,4
"856",3025,NA,NA,NA,NA,FALSE,FALSE,FALSE,FALSE,NA,NA,NA,NA,5
"857",215,0,60.114,2,1,TRUE,TRUE,TRUE,TRUE,3,4,2,3,7
"858",319,0,18.474,4,3,TRUE,TRUE,FALSE,FALSE,2,4,5,3,5
"859",22,NA,NA,NA,NA,FALSE,FALSE,FALSE,FALSE,NA,NA,NA,NA,5
"860",326,1,46.793,5,3,TRUE,TRUE,FALSE,FALSE,4,3,2,2,4
"861",6,NA,NA,NA,NA,FALSE,FALSE,FALSE,FALSE,NA,NA,NA,NA,5
"862",570,0,248.679,5,2,TRUE,TRUE,FALSE,TRUE,3,5,5,3,6
"863",1032,1,337.504,5,2,TRUE,TRUE,TRUE,FALSE,2,NA,5,4,4
"864",252,0,62.582,5,1,FALSE,FALSE,TRUE,FALSE,4,5,5,2,5
"865",13,NA,NA,NA,NA,FALSE,FALSE,FALSE,FALSE,NA,NA,NA,NA,5
"866",71,0,3.486,5,4,TRUE,TRUE,FALSE,FALSE,2,5,3,3,5
"867",159,0,12.312,1,2,TRUE,TRUE,FALSE,FALSE,1,2,1,1,5
"868",287,1,0,1,7,TRUE,TRUE,FALSE,TRUE,3,5,2,2,8
"869",306,0,62.53,5,1,TRUE,TRUE,TRUE,FALSE,2,4,3,NA,6
"870",190,0,101.531,2,0,TRUE,TRUE,TRUE,TRUE,3,4,2,3,6
"871",569,1,256.659,4,2,TRUE,TRUE,TRUE,TRUE,2,5,3,3,9
"872",35,0,0,NA,NA,FALSE,FALSE,FALSE,FALSE,NA,NA,NA,NA,5
"873",978,1,205.988,5,4,TRUE,TRUE,FALSE,TRUE,2,5,4,1,4
"874",67,0,32.958,NA,NA,FALSE,FALSE,FALSE,FALSE,NA,NA,NA,NA,5
"875",6,NA,NA,NA,NA,FALSE,FALSE,FALSE,FALSE,NA,NA,NA,NA,5
"876",407,1,263.885,5,2,FALSE,TRUE,TRUE,TRUE,3,5,4,3,9
"877",90,0,0.301,5,NA,FALSE,TRUE,TRUE,FALSE,2,4,2,3,5
"878",572,1,349.352,5,4,TRUE,TRUE,TRUE,FALSE,3,5,1,2,8
"879",5213,NA,NA,NA,NA,FALSE,FALSE,FALSE,FALSE,NA,NA,NA,NA,5
"880",37,0,2.949,3,4,FALSE,FALSE,FALSE,FALSE,3,5,1,NA,5
"881",7349,0,-0.481,4,2,TRUE,TRUE,TRUE,TRUE,3,3,4,3,5
"882",56,0,6.15,1,7,TRUE,TRUE,FALSE,TRUE,1,2,1,1,5
"883",242,1,157.981,5,6,TRUE,TRUE,TRUE,FALSE,3,5,2,2,5
"884",1229,1,0,4,6,TRUE,TRUE,FALSE,FALSE,3,3,4,3,6
"885",1395,1,0,4,1,FALSE,TRUE,TRUE,FALSE,2,4,3,2,5
"886",2918,0,72.04,5,NA,TRUE,TRUE,TRUE,FALSE,1,5,4,1,5
"887",17,1,1.729,NA,NA,FALSE,FALSE,FALSE,FALSE,NA,NA,NA,NA,5
"888",3,NA,NA,NA,NA,FALSE,FALSE,FALSE,FALSE,NA,NA,NA,NA,5
"889",819,0,453.211,5,4,TRUE,TRUE,FALSE,TRUE,3,5,5,3,5
"890",5,NA,NA,NA,NA,FALSE,FALSE,FALSE,FALSE,NA,NA,NA,NA,5
"891",490,1,229.576,5,0,TRUE,TRUE,TRUE,FALSE,1,5,5,1,3
"892",2883,0,2003.893,4,1,TRUE,TRUE,TRUE,FALSE,1,4,3,NA,5
"893",11700,1,77.698,NA,NA,FALSE,FALSE,FALSE,FALSE,NA,NA,NA,NA,5
"894",299,0,107.541,5,NA,TRUE,FALSE,FALSE,TRUE,4,5,3,2,4
"895",3299,0,2279.551,5,5,TRUE,TRUE,FALSE,FALSE,4,4,5,3,4
"896",5,NA,NA,NA,NA,FALSE,FALSE,FALSE,FALSE,NA,NA,NA,NA,5
"897",306,0,82.72,5,7,TRUE,TRUE,FALSE,TRUE,2,5,4,3,5
"898",929,1,256.401,5,0,FALSE,FALSE,FALSE,FALSE,1,5,3,2,6
"899",460,1,276.392,1,NA,TRUE,TRUE,TRUE,FALSE,3,5,3,2,5
"900",26,0,0.166,NA,NA,FALSE,FALSE,FALSE,FALSE,NA,NA,NA,NA,5
"901",664182,1,0,5,2,TRUE,TRUE,FALSE,FALSE,3,3,5,2,5
"902",37304,NA,NA,NA,NA,FALSE,FALSE,FALSE,FALSE,NA,NA,NA,NA,5
"903",584,1,211.946,2,0,TRUE,TRUE,TRUE,FALSE,2,5,3,2,3
"904",94970,0,133.911,5,4,TRUE,TRUE,FALSE,FALSE,4,5,5,1,6
"905",494870,0,102.982,5,4,TRUE,TRUE,FALSE,FALSE,4,5,5,2,5
"906",9,NA,NA,NA,NA,FALSE,FALSE,FALSE,FALSE,NA,NA,NA,NA,5
"907",119,0,0,NA,NA,FALSE,FALSE,FALSE,FALSE,NA,NA,NA,NA,5
"908",104,0,11.271,5,1,TRUE,TRUE,TRUE,FALSE,1,5,3,3,5
"909",11638,1,199.204,1,3,TRUE,TRUE,FALSE,FALSE,3,NA,6,1,4
"910",632,0,110.601,5,5,TRUE,TRUE,FALSE,TRUE,3,5,4,1,7
"911",356,0,139.031,5,4,TRUE,TRUE,FALSE,TRUE,3,5,5,2,5
"912",12,NA,NA,NA,NA,FALSE,FALSE,FALSE,FALSE,NA,NA,NA,NA,5
"913",3,NA,NA,NA,NA,FALSE,FALSE,FALSE,FALSE,NA,NA,NA,NA,5
"914",981,0,102.067,3,5,TRUE,FALSE,FALSE,FALSE,5,4,3,2,5
"915",10,NA,NA,NA,NA,FALSE,FALSE,FALSE,FALSE,NA,NA,NA,NA,5
"916",611,1,440.04,2,0,FALSE,FALSE,FALSE,FALSE,4,5,3,1,4
"917",58881,1,0,NA,NA,FALSE,FALSE,FALSE,FALSE,NA,NA,NA,NA,5
"918",106,0,2.402,5,4,TRUE,TRUE,FALSE,TRUE,4,4,5,3,5
"919",15,NA,NA,NA,NA,FALSE,FALSE,FALSE,FALSE,NA,NA,NA,NA,5
"920",14946,0,-0.04,3,NA,TRUE,TRUE,TRUE,TRUE,3,4,4,2,5
"921",14,0,1.526,NA,NA,FALSE,FALSE,FALSE,FALSE,NA,NA,NA,NA,5
"922",11,NA,NA,NA,NA,FALSE,FALSE,FALSE,FALSE,NA,NA,NA,NA,5
"923",4952,0,56.866,4,2,FALSE,FALSE,FALSE,TRUE,4,5,3,3,9
"924",364,0,71.348,5,4,TRUE,TRUE,FALSE,FALSE,2,4,5,2,4
"925",317,1,110.045,5,5,TRUE,TRUE,FALSE,FALSE,1,5,5,3,5
"926",120,1,0,3,1,TRUE,TRUE,FALSE,TRUE,2,4,4,2,5
"927",3059,1,139.187,5,3,TRUE,TRUE,FALSE,TRUE,4,3,4,3,5
"928",229,0,0.703,4,2,TRUE,FALSE,FALSE,TRUE,4,5,5,3,5
"929",8,NA,NA,NA,NA,FALSE,FALSE,FALSE,FALSE,NA,NA,NA,NA,5
"930",145,1,0,4,0,TRUE,TRUE,FALSE,TRUE,3,5,5,2,5
"931",149,0,21.748,2,1,TRUE,TRUE,TRUE,TRUE,2,5,3,2,5
"932",691,0,279.808,5,3,TRUE,TRUE,FALSE,FALSE,4,5,4,3,3
"933",232,1,0,5,6,TRUE,TRUE,TRUE,TRUE,1,5,5,3,6
"934",150,0,0.662,4,3,TRUE,TRUE,TRUE,TRUE,3,4,4,2,5
"935",17705,1,0,NA,NA,FALSE,FALSE,FALSE,FALSE,NA,NA,NA,NA,5
"936",23,1,0,NA,NA,FALSE,FALSE,FALSE,FALSE,NA,NA,NA,NA,5
"937",27,NA,NA,NA,NA,FALSE,FALSE,FALSE,FALSE,NA,NA,NA,NA,5
"938",145,0,41.668,5,3,TRUE,TRUE,FALSE,FALSE,4,5,5,2,5
"939",73,1,20.815,2,1,TRUE,TRUE,FALSE,FALSE,2,4,5,3,5
"940",288,0,1.461,3,4,FALSE,FALSE,TRUE,FALSE,3,NA,6,NA,4
"941",75214,1,0,1,7,TRUE,TRUE,FALSE,TRUE,3,5,4,2,5
"942",372,0,199.048,5,3,TRUE,TRUE,TRUE,TRUE,2,5,5,2,5
"943",1465,1,0,5,2,TRUE,TRUE,FALSE,TRUE,2,5,4,3,7
"944",316,1,71.798,1,2,TRUE,TRUE,TRUE,FALSE,3,5,4,3,4
"945",668,1,229.947,5,4,TRUE,TRUE,FALSE,TRUE,3,5,4,1,3
"946",263,0,138.858,5,0,TRUE,FALSE,TRUE,FALSE,2,5,5,2,5
"947",48,1,0,2,3,TRUE,TRUE,FALSE,FALSE,2,NA,6,2,5
"948",5760,1,241.444,4,1,FALSE,TRUE,FALSE,FALSE,3,5,4,2,5
"949",201,0,123.22,4,1,FALSE,FALSE,TRUE,FALSE,4,5,4,NA,5
"950",17,1,0,NA,NA,FALSE,FALSE,FALSE,FALSE,NA,NA,NA,NA,5
"951",329,0,179.701,5,5,TRUE,TRUE,FALSE,TRUE,4,4,4,3,6
"952",20336,1,0,NA,NA,FALSE,FALSE,FALSE,FALSE,NA,NA,NA,NA,5
"953",480,0,246.113,4,0,TRUE,FALSE,FALSE,FALSE,2,5,5,1,7
"954",765,1,338.683,1,1,TRUE,TRUE,TRUE,FALSE,4,4,4,3,3
"955",7,NA,NA,NA,NA,FALSE,FALSE,FALSE,FALSE,NA,NA,NA,NA,5
"956",2,NA,NA,NA,NA,FALSE,FALSE,FALSE,FALSE,NA,NA,NA,NA,5
"957",15859,1,0,5,0,FALSE,FALSE,FALSE,FALSE,3,4,2,3,3
"958",5699,1,0,NA,NA,FALSE,FALSE,FALSE,FALSE,NA,NA,NA,NA,5
"959",8056,1,0,NA,NA,FALSE,FALSE,FALSE,FALSE,NA,NA,NA,NA,5
"960",221,0,0,NA,NA,FALSE,FALSE,FALSE,FALSE,NA,NA,NA,NA,5
"961",414,0,68.381,4,0,TRUE,TRUE,FALSE,FALSE,3,5,5,3,6
"962",133,1,0,NA,NA,FALSE,FALSE,FALSE,FALSE,NA,NA,NA,NA,5
"963",86696,1,87.171,5,4,TRUE,FALSE,FALSE,FALSE,3,5,4,3,5
"964",170121,1,0,4,1,FALSE,TRUE,FALSE,FALSE,5,5,2,2,5
"965",754,1,0,NA,NA,FALSE,FALSE,FALSE,FALSE,NA,NA,NA,NA,5
"966",145,1,11.998,5,NA,FALSE,TRUE,TRUE,FALSE,2,4,5,3,4
"967",362,0,158.708,4,3,TRUE,TRUE,TRUE,TRUE,3,5,5,2,6
"968",252,1,0,NA,NA,FALSE,FALSE,FALSE,FALSE,NA,NA,NA,NA,5
"969",233,0,2.848,3,3,TRUE,TRUE,FALSE,FALSE,5,5,1,1,6
"970",88,1,0,5,1,TRUE,TRUE,TRUE,FALSE,5,5,4,2,5
"971",98,1,0,1,NA,FALSE,TRUE,FALSE,TRUE,4,4,3,2,5
"972",108,0,2.076,3,3,TRUE,TRUE,FALSE,FALSE,2,5,3,3,4
"973",136,1,58.142,5,3,TRUE,TRUE,TRUE,TRUE,2,5,4,2,5
"974",18142,1,0,3,2,TRUE,TRUE,TRUE,TRUE,2,4,3,3,6
"975",17529,0,2524.712,4,4,TRUE,TRUE,FALSE,FALSE,2,4,4,NA,4
"976",10,1,0,NA,NA,FALSE,FALSE,FALSE,FALSE,NA,NA,NA,NA,5
"977",109,1,2.115,4,4,TRUE,FALSE,FALSE,FALSE,2,5,4,2,5
"978",41,0,0,NA,NA,FALSE,FALSE,FALSE,FALSE,NA,NA,NA,NA,5
"979",11,0,0,NA,NA,FALSE,FALSE,FALSE,FALSE,NA,NA,NA,NA,5
"980",7,1,0,NA,NA,FALSE,FALSE,FALSE,FALSE,NA,NA,NA,NA,5
"981",26,0,0,NA,NA,FALSE,FALSE,FALSE,FALSE,NA,NA,NA,NA,5
"982",8,1,0,NA,NA,FALSE,FALSE,FALSE,FALSE,NA,NA,NA,NA,5
"983",595,0,147.209,5,NA,TRUE,TRUE,TRUE,TRUE,5,5,2,3,6
"984",27620,0,0,4,3,TRUE,TRUE,FALSE,TRUE,3,5,4,2,2
"985",553,1,0,5,2,TRUE,TRUE,TRUE,FALSE,2,3,5,3,5
"986",349,1,167.405,5,4,TRUE,TRUE,FALSE,FALSE,3,5,4,2,3
"987",143,0,37.22,2,0,FALSE,FALSE,TRUE,FALSE,2,NA,6,2,4
"988",396,0,197.81,5,6,TRUE,TRUE,FALSE,TRUE,5,5,5,3,4
"989",291,0,58.961,5,1,TRUE,FALSE,TRUE,TRUE,3,4,4,3,5
"990",2277,1,66.777,3,NA,FALSE,FALSE,FALSE,FALSE,2,NA,NA,NA,5
"991",123,1,38.148,5,3,TRUE,TRUE,FALSE,FALSE,5,5,5,3,6
"992",76628,0,51.658,5,4,TRUE,FALSE,FALSE,TRUE,3,5,5,2,4
"993",7,NA,NA,NA,NA,FALSE,FALSE,FALSE,FALSE,NA,NA,NA,NA,5
"994",402,0,272.985,5,3,TRUE,TRUE,TRUE,FALSE,4,5,5,3,5
"995",24596,1,127.01,5,3,TRUE,TRUE,TRUE,TRUE,2,5,5,3,5
"996",2,NA,NA,NA,NA,FALSE,FALSE,FALSE,FALSE,NA,NA,NA,NA,5
"997",25,NA,NA,NA,NA,FALSE,FALSE,FALSE,FALSE,NA,NA,NA,NA,5
"998",363,0,309.671,NA,NA,FALSE,FALSE,FALSE,FALSE,NA,NA,NA,NA,5
"999",353,1,41.452,5,6,TRUE,TRUE,FALSE,TRUE,1,4,5,2,8
"1000",520,1,161.345,5,5,TRUE,TRUE,FALSE,FALSE,3,5,4,2,5
"1001",1151,0,276.225,5,7,TRUE,TRUE,FALSE,FALSE,1,4,5,2,6
"1002",388,0,131.965,5,2,TRUE,FALSE,TRUE,FALSE,3,4,5,2,6
"1003",284,0,71.165,5,0,TRUE,TRUE,FALSE,TRUE,5,5,5,1,5
"1004",15,1,6.288,NA,NA,FALSE,FALSE,FALSE,FALSE,NA,NA,NA,NA,5
"1005",13,NA,NA,NA,NA,FALSE,FALSE,FALSE,FALSE,NA,NA,NA,NA,5
"1006",6,NA,NA,NA,NA,FALSE,FALSE,FALSE,FALSE,NA,NA,NA,NA,5
"1007",6,NA,NA,NA,NA,FALSE,FALSE,FALSE,FALSE,NA,NA,NA,NA,5
"1008",16,NA,NA,NA,NA,FALSE,FALSE,FALSE,FALSE,NA,NA,NA,NA,5
"1009",377,0,89.839,5,3,TRUE,TRUE,FALSE,FALSE,3,3,3,2,5
"1010",3,NA,NA,NA,NA,FALSE,FALSE,FALSE,FALSE,NA,NA,NA,NA,5
"1011",2811,1,0,NA,NA,FALSE,FALSE,FALSE,FALSE,NA,NA,NA,NA,5
"1012",548,1,233.537,1,0,TRUE,TRUE,FALSE,FALSE,3,3,4,2,5
"1013",908,1,623.947,5,1,TRUE,TRUE,FALSE,TRUE,3,3,3,2,5
"1014",430,0,180.237,5,NA,TRUE,TRUE,FALSE,FALSE,2,3,5,2,5
"1015",8,NA,NA,NA,NA,FALSE,FALSE,FALSE,FALSE,NA,NA,NA,NA,5
"1016",4,NA,NA,NA,NA,FALSE,FALSE,FALSE,FALSE,NA,NA,NA,NA,5
"1017",2,NA,NA,NA,NA,FALSE,FALSE,FALSE,FALSE,NA,NA,NA,NA,5
"1018",644,0,133.075,1,0,TRUE,TRUE,TRUE,FALSE,4,4,2,3,4
"1019",732,1,473.69,2,1,TRUE,TRUE,TRUE,FALSE,2,4,3,3,3
"1020",2,NA,NA,NA,NA,FALSE,FALSE,FALSE,FALSE,NA,NA,NA,NA,5
"1021",3531,0,58.993,4,3,FALSE,TRUE,FALSE,FALSE,3,5,2,3,5
"1022",483,1,198.567,1,4,TRUE,TRUE,FALSE,FALSE,2,3,2,2,5
"1023",6712,0,681.587,1,4,TRUE,TRUE,FALSE,FALSE,3,5,3,3,5
"1024",209,1,85.087,1,3,TRUE,TRUE,TRUE,FALSE,2,4,4,2,6
"1025",7,NA,NA,NA,NA,FALSE,FALSE,FALSE,FALSE,NA,NA,NA,NA,5
"1026",5,NA,NA,NA,NA,FALSE,FALSE,FALSE,FALSE,NA,NA,NA,NA,5
"1027",23,NA,NA,NA,NA,FALSE,FALSE,FALSE,FALSE,NA,NA,NA,NA,5
"1028",349,0,151.625,1,3,TRUE,FALSE,FALSE,FALSE,3,4,5,3,6
"1029",7997,0,173.592,2,4,TRUE,TRUE,FALSE,FALSE,4,4,2,3,4
"1030",536,1,303.568,1,1,TRUE,TRUE,TRUE,FALSE,2,4,4,3,6
"1031",25084,1,303.746,4,4,TRUE,TRUE,TRUE,FALSE,3,5,3,2,4
"1032",16,NA,NA,NA,NA,FALSE,FALSE,FALSE,FALSE,NA,NA,NA,NA,5
"1033",91769,NA,NA,NA,NA,FALSE,FALSE,FALSE,FALSE,NA,NA,NA,NA,5
"1034",226,0,0,NA,NA,FALSE,FALSE,FALSE,FALSE,NA,NA,NA,NA,5
"1035",39027,1,249.696,3,2,FALSE,FALSE,TRUE,FALSE,3,4,4,2,7
"1036",247,0,239.217,NA,NA,FALSE,FALSE,FALSE,FALSE,NA,NA,NA,NA,5
"1037",325,1,0,NA,NA,FALSE,FALSE,FALSE,FALSE,NA,NA,NA,NA,5
"1038",183,1,0,NA,NA,FALSE,FALSE,FALSE,FALSE,NA,NA,NA,NA,5
"1039",1119,0,0,NA,NA,FALSE,FALSE,FALSE,FALSE,NA,NA,NA,NA,5
"1040",5,NA,NA,NA,NA,FALSE,FALSE,FALSE,FALSE,NA,NA,NA,NA,5
"1041",6,NA,NA,NA,NA,FALSE,FALSE,FALSE,FALSE,NA,NA,NA,NA,5
"1042",260,0,102.909,4,3,TRUE,TRUE,FALSE,FALSE,2,5,4,3,7
"1043",42310,0,241.435,1,2,FALSE,FALSE,FALSE,FALSE,NA,NA,NA,NA,5
"1044",62,NA,NA,NA,NA,FALSE,FALSE,FALSE,FALSE,NA,NA,NA,NA,5
"1045",9,NA,NA,NA,NA,FALSE,FALSE,FALSE,FALSE,NA,NA,NA,NA,5
"1046",519740,1,0,NA,NA,FALSE,FALSE,FALSE,FALSE,NA,NA,NA,NA,5
"1047",8,NA,NA,NA,NA,FALSE,FALSE,FALSE,FALSE,NA,NA,NA,NA,5
"1048",5798,1,129.195,NA,NA,FALSE,FALSE,FALSE,FALSE,NA,NA,NA,NA,5
"1049",20,NA,NA,NA,NA,FALSE,FALSE,FALSE,FALSE,NA,NA,NA,NA,5
"1050",7,NA,NA,NA,NA,FALSE,FALSE,FALSE,FALSE,NA,NA,NA,NA,5
"1051",7,NA,NA,NA,NA,FALSE,FALSE,FALSE,FALSE,NA,NA,NA,NA,5
"1052",1734,0,0,NA,NA,FALSE,FALSE,FALSE,FALSE,NA,NA,NA,NA,5
"1053",3,NA,NA,NA,NA,FALSE,FALSE,FALSE,FALSE,NA,NA,NA,NA,5
"1054",2,NA,NA,NA,NA,FALSE,FALSE,FALSE,FALSE,NA,NA,NA,NA,5
"1055",260,1,161.509,1,NA,TRUE,FALSE,TRUE,FALSE,3,5,3,2,6
"1056",199,0,95.661,NA,NA,FALSE,FALSE,FALSE,FALSE,NA,NA,NA,NA,5
"1057",429,1,0,1,0,FALSE,FALSE,FALSE,FALSE,2,4,3,2,7
"1058",10,NA,NA,NA,NA,FALSE,FALSE,FALSE,FALSE,NA,NA,NA,NA,5
"1059",166960,1,0,NA,NA,FALSE,FALSE,FALSE,FALSE,NA,NA,NA,NA,5
"1060",41,NA,NA,NA,NA,FALSE,FALSE,FALSE,FALSE,NA,NA,NA,NA,5
"1061",6,NA,NA,NA,NA,FALSE,FALSE,FALSE,FALSE,NA,NA,NA,NA,5
"1062",3,NA,NA,NA,NA,FALSE,FALSE,FALSE,FALSE,NA,NA,NA,NA,5
"1063",21,NA,NA,NA,NA,FALSE,FALSE,FALSE,FALSE,NA,NA,NA,NA,5
"1064",3,NA,NA,NA,NA,FALSE,FALSE,FALSE,FALSE,NA,NA,NA,NA,5
"1065",24,NA,NA,NA,NA,FALSE,FALSE,FALSE,FALSE,NA,NA,NA,NA,5
"1066",20,NA,NA,NA,NA,FALSE,FALSE,FALSE,FALSE,NA,NA,NA,NA,5
"1067",2,NA,NA,NA,NA,FALSE,FALSE,FALSE,FALSE,NA,NA,NA,NA,5
"1068",16,NA,NA,NA,NA,FALSE,FALSE,FALSE,FALSE,NA,NA,NA,NA,5
"1069",12,NA,NA,NA,NA,FALSE,FALSE,FALSE,FALSE,NA,NA,NA,NA,5
"1070",6718,0,0,NA,NA,FALSE,FALSE,FALSE,FALSE,NA,NA,NA,NA,5
"1071",4,NA,NA,NA,NA,FALSE,FALSE,FALSE,FALSE,NA,NA,NA,NA,5
"1072",2,NA,NA,NA,NA,FALSE,FALSE,FALSE,FALSE,NA,NA,NA,NA,5
"1073",13,NA,NA,NA,NA,FALSE,FALSE,FALSE,FALSE,NA,NA,NA,NA,5
"1074",46,NA,NA,NA,NA,FALSE,FALSE,FALSE,FALSE,NA,NA,NA,NA,5
"1075",14,0,-0.103,NA,NA,FALSE,FALSE,FALSE,FALSE,NA,NA,NA,NA,5
"1076",1444,0,0,NA,NA,FALSE,FALSE,FALSE,FALSE,NA,NA,NA,NA,5
"1077",33,1,0,NA,NA,FALSE,FALSE,FALSE,FALSE,NA,NA,NA,NA,5
"1078",6,NA,NA,NA,NA,FALSE,FALSE,FALSE,FALSE,NA,NA,NA,NA,5
"1079",6540,NA,NA,NA,NA,FALSE,FALSE,FALSE,FALSE,NA,NA,NA,NA,5
"1080",2,NA,NA,NA,NA,FALSE,FALSE,FALSE,FALSE,NA,NA,NA,NA,5
"1081",2,NA,NA,NA,NA,FALSE,FALSE,FALSE,FALSE,NA,NA,NA,NA,5
"1082",4,NA,NA,NA,NA,FALSE,FALSE,FALSE,FALSE,NA,NA,NA,NA,5
"1083",204,0,181.359,NA,NA,FALSE,FALSE,FALSE,FALSE,NA,NA,NA,NA,5
"1084",163,NA,NA,NA,NA,FALSE,FALSE,FALSE,FALSE,NA,NA,NA,NA,5
"1085",22,NA,NA,NA,NA,FALSE,FALSE,FALSE,FALSE,NA,NA,NA,NA,5
"1086",1,NA,NA,NA,NA,FALSE,FALSE,FALSE,FALSE,NA,NA,NA,NA,5
"1087",2,NA,NA,NA,NA,FALSE,FALSE,FALSE,FALSE,NA,NA,NA,NA,5
"1088",2,NA,NA,NA,NA,FALSE,FALSE,FALSE,FALSE,NA,NA,NA,NA,5
"1089",1,NA,NA,NA,NA,FALSE,FALSE,FALSE,FALSE,NA,NA,NA,NA,5
"1090",22,NA,NA,NA,NA,FALSE,FALSE,FALSE,FALSE,NA,NA,NA,NA,5
"1091",2,NA,NA,NA,NA,FALSE,FALSE,FALSE,FALSE,NA,NA,NA,NA,5
"1092",681357,1,0,NA,NA,FALSE,FALSE,FALSE,FALSE,NA,NA,NA,NA,5
"1093",6,NA,NA,NA,NA,FALSE,FALSE,FALSE,FALSE,NA,NA,NA,NA,5
"1094",8,NA,NA,NA,NA,FALSE,FALSE,FALSE,FALSE,NA,NA,NA,NA,5
"1095",22,NA,NA,NA,NA,FALSE,FALSE,FALSE,FALSE,NA,NA,NA,NA,5
"1096",16,NA,NA,NA,NA,FALSE,FALSE,FALSE,FALSE,NA,NA,NA,NA,5
"1097",9,NA,NA,NA,NA,FALSE,FALSE,FALSE,FALSE,NA,NA,NA,NA,5
"1098",3,NA,NA,NA,NA,FALSE,FALSE,FALSE,FALSE,NA,NA,NA,NA,5
"1099",2,NA,NA,NA,NA,FALSE,FALSE,FALSE,FALSE,NA,NA,NA,NA,5
"1100",884,NA,NA,NA,NA,FALSE,FALSE,FALSE,FALSE,NA,NA,NA,NA,5
"1101",3,NA,NA,NA,NA,FALSE,FALSE,FALSE,FALSE,NA,NA,NA,NA,5
"1102",10,NA,NA,NA,NA,FALSE,FALSE,FALSE,FALSE,NA,NA,NA,NA,5
"1103",5,NA,NA,NA,NA,FALSE,FALSE,FALSE,FALSE,NA,NA,NA,NA,5
"1104",22,NA,NA,NA,NA,FALSE,FALSE,FALSE,FALSE,NA,NA,NA,NA,5
"1105",11,NA,NA,NA,NA,FALSE,FALSE,FALSE,FALSE,NA,NA,NA,NA,5
"1106",9,NA,NA,NA,NA,FALSE,FALSE,FALSE,FALSE,NA,NA,NA,NA,5
"1107",24,NA,NA,NA,NA,FALSE,FALSE,FALSE,FALSE,NA,NA,NA,NA,5
"1108",6,NA,NA,NA,NA,FALSE,FALSE,FALSE,FALSE,NA,NA,NA,NA,5
"1109",2,NA,NA,NA,NA,FALSE,FALSE,FALSE,FALSE,NA,NA,NA,NA,5
"1110",12,NA,NA,NA,NA,FALSE,FALSE,FALSE,FALSE,NA,NA,NA,NA,5
"1111",3,NA,NA,NA,NA,FALSE,FALSE,FALSE,FALSE,NA,NA,NA,NA,5
"1112",15,NA,NA,NA,NA,FALSE,FALSE,FALSE,FALSE,NA,NA,NA,NA,5
"1113",2,NA,NA,NA,NA,FALSE,FALSE,FALSE,FALSE,NA,NA,NA,NA,5
"1114",10,NA,NA,NA,NA,FALSE,FALSE,FALSE,FALSE,NA,NA,NA,NA,5
"1115",491,1,3.454,NA,NA,FALSE,FALSE,FALSE,FALSE,NA,NA,NA,NA,5
"1116",8,NA,NA,NA,NA,FALSE,FALSE,FALSE,FALSE,NA,NA,NA,NA,5
"1117",5,NA,NA,NA,NA,FALSE,FALSE,FALSE,FALSE,NA,NA,NA,NA,5
"1118",3,NA,NA,NA,NA,FALSE,FALSE,FALSE,FALSE,NA,NA,NA,NA,5
"1119",3,NA,NA,NA,NA,FALSE,FALSE,FALSE,FALSE,NA,NA,NA,NA,5
"1120",4,NA,NA,NA,NA,FALSE,FALSE,FALSE,FALSE,NA,NA,NA,NA,5
"1121",7,NA,NA,NA,NA,FALSE,FALSE,FALSE,FALSE,NA,NA,NA,NA,5
"1122",6,NA,NA,NA,NA,FALSE,FALSE,FALSE,FALSE,NA,NA,NA,NA,5
"1123",10,NA,NA,NA,NA,FALSE,FALSE,FALSE,FALSE,NA,NA,NA,NA,5
"1124",9,NA,NA,NA,NA,FALSE,FALSE,FALSE,FALSE,NA,NA,NA,NA,5
"1125",6601,NA,NA,NA,NA,FALSE,FALSE,FALSE,FALSE,NA,NA,NA,NA,5
"1126",272,0,96.999,5,0,TRUE,TRUE,TRUE,FALSE,3,4,5,3,6
"1127",12,NA,NA,NA,NA,FALSE,FALSE,FALSE,FALSE,NA,NA,NA,NA,5
"1128",3,NA,NA,NA,NA,FALSE,FALSE,FALSE,FALSE,NA,NA,NA,NA,5
"1129",704,1,0,NA,NA,FALSE,FALSE,FALSE,FALSE,NA,NA,NA,NA,5
"1130",12,NA,NA,NA,NA,FALSE,FALSE,FALSE,FALSE,NA,NA,NA,NA,5
"1131",23,NA,NA,NA,NA,FALSE,FALSE,FALSE,FALSE,NA,NA,NA,NA,5
"1132",460,0,242.332,5,1,TRUE,FALSE,TRUE,TRUE,3,5,5,2,7
"1133",515,1,307.253,5,3,TRUE,TRUE,FALSE,FALSE,3,5,5,2,8
"1134",207,0,128.643,5,7,TRUE,TRUE,TRUE,FALSE,4,5,4,2,6
"1135",420041,1,0,NA,NA,FALSE,FALSE,FALSE,FALSE,NA,NA,NA,NA,5
"1136",499,0,0,NA,NA,FALSE,FALSE,FALSE,FALSE,NA,NA,NA,NA,5
"1137",1315,0,616.076,5,0,TRUE,TRUE,TRUE,FALSE,2,3,4,2,7
"1138",4,NA,NA,NA,NA,FALSE,FALSE,FALSE,FALSE,NA,NA,NA,NA,5
"1139",8,NA,NA,NA,NA,FALSE,FALSE,FALSE,FALSE,NA,NA,NA,NA,5
"1140",233,0,167.787,NA,NA,FALSE,FALSE,FALSE,FALSE,NA,NA,NA,NA,5
"1141",19,NA,NA,NA,NA,FALSE,FALSE,FALSE,FALSE,NA,NA,NA,NA,5
"1142",276,NA,NA,NA,NA,FALSE,FALSE,FALSE,FALSE,NA,NA,NA,NA,5
"1143",103,NA,NA,NA,NA,FALSE,FALSE,FALSE,FALSE,NA,NA,NA,NA,5
"1144",16,NA,NA,NA,NA,FALSE,FALSE,FALSE,FALSE,NA,NA,NA,NA,5
"1145",10,NA,NA,NA,NA,FALSE,FALSE,FALSE,FALSE,NA,NA,NA,NA,5
"1146",5,NA,NA,NA,NA,FALSE,FALSE,FALSE,FALSE,NA,NA,NA,NA,5
"1147",3,NA,NA,NA,NA,FALSE,FALSE,FALSE,FALSE,NA,NA,NA,NA,5
"1148",8,NA,NA,NA,NA,FALSE,FALSE,FALSE,FALSE,NA,NA,NA,NA,5
"1149",3,NA,NA,NA,NA,FALSE,FALSE,FALSE,FALSE,NA,NA,NA,NA,5
"1150",5,NA,NA,NA,NA,FALSE,FALSE,FALSE,FALSE,NA,NA,NA,NA,5
"1151",4,NA,NA,NA,NA,FALSE,FALSE,FALSE,FALSE,NA,NA,NA,NA,5
"1152",401,1,25.248,5,1,TRUE,TRUE,FALSE,FALSE,1,4,4,1,7
"1153",8448,1,0,NA,NA,FALSE,FALSE,FALSE,FALSE,NA,NA,NA,NA,5
"1154",11,0,0.88,NA,NA,FALSE,FALSE,FALSE,FALSE,NA,NA,NA,NA,5
"1155",17,0,0,NA,NA,FALSE,FALSE,FALSE,FALSE,NA,NA,NA,NA,5
"1156",19,NA,NA,NA,NA,FALSE,FALSE,FALSE,FALSE,NA,NA,NA,NA,5
"1157",3,NA,NA,NA,NA,FALSE,FALSE,FALSE,FALSE,NA,NA,NA,NA,5
"1158",924,1,118.12,NA,NA,FALSE,FALSE,FALSE,FALSE,NA,NA,NA,NA,5
"1159",12,NA,NA,NA,NA,FALSE,FALSE,FALSE,FALSE,NA,NA,NA,NA,5
"1160",4,NA,NA,NA,NA,FALSE,FALSE,FALSE,FALSE,NA,NA,NA,NA,5
"1161",7,NA,NA,NA,NA,FALSE,FALSE,FALSE,FALSE,NA,NA,NA,NA,5
"1162",8,NA,NA,NA,NA,FALSE,FALSE,FALSE,FALSE,NA,NA,NA,NA,5
"1163",6,NA,NA,NA,NA,FALSE,FALSE,FALSE,FALSE,NA,NA,NA,NA,5
"1164",6534,NA,NA,NA,NA,FALSE,FALSE,FALSE,FALSE,NA,NA,NA,NA,5
"1165",2,NA,NA,NA,NA,FALSE,FALSE,FALSE,FALSE,NA,NA,NA,NA,5
"1166",241,NA,NA,NA,NA,FALSE,FALSE,FALSE,FALSE,NA,NA,NA,NA,5
"1167",5,NA,NA,NA,NA,FALSE,FALSE,FALSE,FALSE,NA,NA,NA,NA,5
"1168",358,NA,NA,NA,NA,FALSE,FALSE,FALSE,FALSE,NA,NA,NA,NA,5
"1169",38,NA,NA,NA,NA,FALSE,FALSE,FALSE,FALSE,NA,NA,NA,NA,5
"1170",11,NA,NA,NA,NA,FALSE,FALSE,FALSE,FALSE,NA,NA,NA,NA,5
"1171",2,NA,NA,NA,NA,FALSE,FALSE,FALSE,FALSE,NA,NA,NA,NA,5
"1172",13,NA,NA,NA,NA,FALSE,FALSE,FALSE,FALSE,NA,NA,NA,NA,5
"1173",13,NA,NA,NA,NA,FALSE,FALSE,FALSE,FALSE,NA,NA,NA,NA,5
"1174",4,NA,NA,NA,NA,FALSE,FALSE,FALSE,FALSE,NA,NA,NA,NA,5
"1175",97689,1,0,NA,NA,FALSE,FALSE,FALSE,FALSE,NA,NA,NA,NA,5
"1176",8,NA,NA,NA,NA,FALSE,FALSE,FALSE,FALSE,NA,NA,NA,NA,5
"1177",9,NA,NA,NA,NA,FALSE,FALSE,FALSE,FALSE,NA,NA,NA,NA,5
"1178",9,NA,NA,NA,NA,FALSE,FALSE,FALSE,FALSE,NA,NA,NA,NA,5
"1179",9,NA,NA,NA,NA,FALSE,FALSE,FALSE,FALSE,NA,NA,NA,NA,5
"1180",334892,0,122.749,NA,NA,FALSE,FALSE,FALSE,FALSE,NA,NA,NA,NA,5
"1181",3,NA,NA,NA,NA,FALSE,FALSE,FALSE,FALSE,NA,NA,NA,NA,5
"1182",8,NA,NA,NA,NA,FALSE,FALSE,FALSE,FALSE,NA,NA,NA,NA,5
"1183",2,NA,NA,NA,NA,FALSE,FALSE,FALSE,FALSE,NA,NA,NA,NA,5
"1184",10,NA,NA,NA,NA,FALSE,FALSE,FALSE,FALSE,NA,NA,NA,NA,5
"1185",7,NA,NA,NA,NA,FALSE,FALSE,FALSE,FALSE,NA,NA,NA,NA,5
"1186",2,NA,NA,NA,NA,FALSE,FALSE,FALSE,FALSE,NA,NA,NA,NA,5
"1187",13,0,0,NA,NA,FALSE,FALSE,FALSE,FALSE,NA,NA,NA,NA,5
"1188",8,1,0,NA,NA,FALSE,FALSE,FALSE,FALSE,NA,NA,NA,NA,5
"1189",127,0,42.966,1,0,TRUE,TRUE,TRUE,FALSE,1,5,3,1,5
"1190",3,NA,NA,NA,NA,FALSE,FALSE,FALSE,FALSE,NA,NA,NA,NA,5
